id,queried_utc,status,value
1,2026-10-01T16:58:28+00:00,ok,27.27
2,2026-10-01T16:58:28+00:00,night,
3,2026-10-01T16:58:28+00:00,night,
4,2026-10-01T16:58:28+00:00,night,
5,2026-10-01T16:58:28+00:00,night,
6,2026-10-01T16:58:28+00:00,ok,0.0
7,2026-10-01T16:58:28+00:00,night,
9,2026-10-01T16:58:28+00:00,ok,50.0
10,2026-10-01T16:58:28+00:00,night,
11,2026-10-01T16:58:28+00:00,ok,20.0
12,2026-10-01T16:58:28+00:00,ok,0.0
13,2026-10-01T16:58:28+00:00,ok,28.57
14,2026-10-01T16:58:28+00:00,ok,38.46
15,2026-10-01T16:58:28+00:00,no coverage,
16,2026-10-01T16:58:28+00:00,no coverage,
17,2026-10-01T16:58:28+00:00,no coverage,
18,2026-10-01T16:58:28+00:00,no coverage,
19,2026-10-01T16:58:28+00:00,no coverage,
20,2026-10-01T16:58:28+00:00,no coverage,
21,2026-10-01T16:58:28+00:00,night,
22,2026-10-01T16:58:28+00:00,ok,25.0
23,2026-10-01T16:58:28+00:00,night,
24,2026-10-01T16:58:28+00:00,night,
25,2026-10-01T16:58:28+00:00,ok,52.63
27,2026-10-01T16:58:28+00:00,ok,0.0
28,2026-10-01T16:58:28+00:00,no coverage,
30,2026-10-01T16:58:28+00:00,ok,47.62
31,2026-10-01T16:58:28+00:00,ok,30.0
32,2026-10-01T16:58:28+00:00,ok,0.0
33,2026-10-01T16:58:28+00:00,ok,0.0
34,2026-10-01T16:58:28+00:00,ok,18.75
35,2026-10-01T16:58:28+00:00,ok,0.0
37,2026-10-01T16:58:28+00:00,night,
38,2026-10-01T16:58:28+00:00,night,
39,2026-10-01T16:58:28+00:00,night,
40,2026-10-01T16:58:28+00:00,night,
41,2026-10-01T16:58:28+00:00,ok,30.43
42,2026-10-01T16:58:28+00:00,ok,0.0
43,2026-10-01T16:58:28+00:00,ok,44.83
44,2026-10-01T16:58:28+00:00,no coverage,
45,2026-10-01T16:58:28+00:00,ok,31.11
46,2026-10-01T16:58:28+00:00,ok,0.0
47,2026-10-01T16:58:28+00:00,ok,13.33
49,2026-10-01T16:58:28+00:00,no coverage,
50,2026-10-01T16:58:28+00:00,no coverage,
51,2026-10-01T16:58:28+00:00,ok,26.67
52,2026-10-01T16:58:28+00:00,ok,24.32
53,2026-10-01T16:58:28+00:00,ok,16.67
54,2026-10-01T16:58:28+00:00,ok,57.69
55,2026-10-01T16:58:28+00:00,ok,0.0
56,2026-10-01T16:58:28+00:00,ok,57.5
57,2026-10-01T16:58:28+00:00,no coverage,
58,2026-10-01T16:58:28+00:00,no coverage,
59,2026-10-01T16:58:28+00:00,ok,0.0
61,2026-10-01T16:58:28+00:00,night,
62,2026-10-01T16:58:28+00:00,no coverage,
63,2026-10-01T16:58:28+00:00,ok,0.0
64,2026-10-01T16:58:28+00:00,ok,48.0
65,2026-10-01T16:58:28+00:00,no coverage,
66,2026-10-01T16:58:28+00:00,no coverage,
67,2026-10-01T16:58:28+00:00,ok,0.0
68,2026-10-01T16:58:28+00:00,ok,0.0
69,2026-10-01T16:58:28+00:00,ok,18.52
70,2026-10-01T16:58:28+00:00,ok,46.15
71,2026-10-01T16:58:28+00:00,ok,0.0
72,2026-10-01T16:58:28+00:00,ok,25.71
73,2026-10-01T16:58:28+00:00,ok,64.71
74,2026-10-01T16:58:28+00:00,ok,21.43
75,2026-10-01T16:58:28+00:00,ok,28.57
76,2026-10-01T16:58:28+00:00,ok,0.0
77,2026-10-01T16:58:28+00:00,ok,80.43
78,2026-10-01T16:58:28+00:00,ok,36.36
79,2026-10-01T16:58:28+00:00,ok,42.86
80,2026-10-01T16:58:28+00:00,no coverage,
81,2026-10-01T16:58:28+00:00,no coverage,
82,2026-10-01T16:58:28+00:00,no coverage,
83,2026-10-01T16:58:28+00:00,no coverage,
84,2026-10-01T16:58:28+00:00,no coverage,
85,2026-10-01T16:58:28+00:00,no coverage,
86,2026-10-01T16:58:28+00:00,no coverage,
87,2026-10-01T16:58:28+00:00,no coverage,
88,2026-10-01T16:58:28+00:00,no coverage,
89,2026-10-01T16:58:28+00:00,no coverage,
90,2026-10-01T16:58:28+00:00,no coverage,
91,2026-10-01T16:58:28+00:00,no coverage,
92,2026-10-01T16:58:28+00:00,no coverage,
93,2026-10-01T16:58:28+00:00,no coverage,
94,2026-10-01T16:58:28+00:00,no coverage,
95,2026-10-01T16:58:28+00:00,no coverage,
96,2026-10-01T16:58:28+00:00,no coverage,
97,2026-10-01T16:58:28+00:00,no coverage,
98,2026-10-01T16:58:28+00:00,no coverage,
99,2026-10-01T16:58:28+00:00,no coverage,
100,2026-10-01T16:58:28+00:00,no coverage,
101,2026-10-01T16:58:28+00:00,no coverage,
102,2026-10-01T16:58:28+00:00,no coverage,
103,2026-10-01T16:58:28+00:00,no coverage,
104,2026-10-01T16:58:28+00:00,no coverage,
105,2026-10-01T16:58:28+00:00,no coverage,
106,2026-10-01T16:58:28+00:00,no coverage,
107,2026-10-01T16:58:28+00:00,no coverage,
108,2026-10-01T16:58:28+00:00,no coverage,
109,2026-10-01T16:58:28+00:00,no coverage,
110,2026-10-01T16:58:28+00:00,no coverage,
111,2026-10-01T16:58:28+00:00,no coverage,
112,2026-10-01T16:58:28+00:00,no coverage,
113,2026-10-01T16:58:28+00:00,no coverage,
115,2026-10-01T16:58:28+00:00,no coverage,
116,2026-10-01T16:58:28+00:00,ok,57.14
117,2026-10-01T16:58:28+00:00,no coverage,
118,2026-10-01T16:58:28+00:00,ok,13.33
119,2026-10-01T16:58:28+00:00,ok,0.0
120,2026-10-01T16:58:28+00:00,ok,37.04
121,2026-10-01T16:58:28+00:00,no coverage,
122,2026-10-01T16:58:28+00:00,ok,0.0
123,2026-10-01T16:58:28+00:00,ok,57.63
124,2026-10-01T16:58:28+00:00,ok,0.0
125,2026-10-01T16:58:28+00:00,ok,46.88
126,2026-10-01T16:58:28+00:00,ok,0.0
127,2026-10-01T16:58:28+00:00,ok,0.0
128,2026-10-01T16:58:28+00:00,ok,21.88
129,2026-10-01T16:58:28+00:00,ok,0.0
130,2026-10-01T16:58:28+00:00,ok,0.0
131,2026-10-01T16:58:28+00:00,ok,50.0
132,2026-10-01T16:58:28+00:00,ok,0.0
133,2026-10-01T16:58:28+00:00,ok,0.0
134,2026-10-01T16:58:28+00:00,ok,0.0
135,2026-10-01T16:58:28+00:00,ok,34.38
136,2026-10-01T16:58:28+00:00,ok,19.35
137,2026-10-01T16:58:28+00:00,ok,29.63
138,2026-10-01T16:58:28+00:00,ok,0.0
139,2026-10-01T16:58:28+00:00,ok,24.73
140,2026-10-01T16:58:28+00:00,ok,0.0
141,2026-10-01T16:58:28+00:00,ok,22.58
142,2026-10-01T16:58:28+00:00,ok,24.14
143,2026-10-01T16:58:28+00:00,ok,23.81
144,2026-10-01T16:58:28+00:00,night,
145,2026-10-01T16:58:28+00:00,ok,20.0
146,2026-10-01T16:58:28+00:00,ok,37.5
148,2026-10-01T16:58:28+00:00,no coverage,
149,2026-10-01T16:58:28+00:00,no coverage,
150,2026-10-01T16:58:28+00:00,ok,19.05
151,2026-10-01T16:58:28+00:00,ok,62.07
152,2026-10-01T16:58:28+00:00,ok,0.0
153,2026-10-01T16:58:28+00:00,ok,33.33
154,2026-10-01T16:58:28+00:00,ok,0.0
155,2026-10-01T16:58:28+00:00,ok,36.96
156,2026-10-01T16:58:28+00:00,ok,0.0
157,2026-10-01T16:58:28+00:00,ok,32.43
158,2026-10-01T16:58:28+00:00,ok,15.38
159,2026-10-01T16:58:28+00:00,ok,0.0
160,2026-10-01T16:58:28+00:00,ok,0.0
162,2026-10-01T16:58:28+00:00,ok,27.27
164,2026-10-01T16:58:28+00:00,ok,88.46
165,2026-10-01T16:58:28+00:00,no coverage,
166,2026-10-01T16:58:28+00:00,ok,50.0
167,2026-10-01T16:58:28+00:00,ok,0.0
168,2026-10-01T16:58:28+00:00,ok,44.44
170,2026-10-01T16:58:28+00:00,no coverage,
173,2026-10-01T16:58:28+00:00,no coverage,
175,2026-10-01T16:58:28+00:00,ok,31.25
176,2026-10-01T16:58:28+00:00,ok,35.71
177,2026-10-01T16:58:28+00:00,ok,60.98
178,2026-10-01T16:58:28+00:00,ok,53.12
179,2026-10-01T16:58:28+00:00,ok,44.44
181,2026-10-01T16:58:28+00:00,ok,0.0
182,2026-10-01T16:58:28+00:00,ok,42.42
183,2026-10-01T16:58:28+00:00,ok,0.0
184,2026-10-01T16:58:28+00:00,ok,34.88
185,2026-10-01T16:58:28+00:00,ok,71.88
186,2026-10-01T16:58:28+00:00,ok,0.0
187,2026-10-01T16:58:28+00:00,ok,0.0
188,2026-10-01T16:58:28+00:00,ok,0.0
189,2026-10-01T16:58:28+00:00,ok,23.33
190,2026-10-01T16:58:28+00:00,ok,63.16
191,2026-10-01T16:58:28+00:00,ok,41.67
192,2026-10-01T16:58:28+00:00,ok,64.71
193,2026-10-01T16:58:28+00:00,ok,0.0
194,2026-10-01T16:58:28+00:00,ok,19.61
195,2026-10-01T16:58:28+00:00,ok,53.57
196,2026-10-01T16:58:28+00:00,ok,26.92
197,2026-10-01T16:58:28+00:00,ok,0.0
198,2026-10-01T16:58:28+00:00,no coverage,
199,2026-10-01T16:58:28+00:00,ok,27.27
200,2026-10-01T16:58:28+00:00,ok,0.0
201,2026-10-01T16:58:28+00:00,ok,0.0
202,2026-10-01T16:58:28+00:00,ok,42.42
203,2026-10-01T16:58:28+00:00,ok,0.0
204,2026-10-01T16:58:28+00:00,ok,0.0
205,2026-10-01T16:58:28+00:00,night,
206,2026-10-01T16:58:28+00:00,ok,0.0
207,2026-10-01T16:58:28+00:00,ok,0.0
209,2026-10-01T16:58:28+00:00,ok,13.04
210,2026-10-01T16:58:28+00:00,ok,41.18
211,2026-10-01T16:58:28+00:00,ok,48.15
212,2026-10-01T16:58:28+00:00,ok,0.0
213,2026-10-01T16:58:28+00:00,ok,25.0
214,2026-10-01T16:58:28+00:00,ok,29.03
215,2026-10-01T16:58:28+00:00,ok,13.73
216,2026-10-01T16:58:28+00:00,ok,34.15
217,2026-10-01T16:58:28+00:00,ok,33.33
218,2026-10-01T16:58:28+00:00,ok,0.0
219,2026-10-01T16:58:28+00:00,ok,9.84
220,2026-10-01T16:58:28+00:00,ok,22.5
221,2026-10-01T16:58:28+00:00,no coverage,
222,2026-10-01T16:58:28+00:00,no coverage,
223,2026-10-01T16:58:28+00:00,no coverage,
224,2026-10-01T16:58:28+00:00,ok,0.0
225,2026-10-01T16:58:28+00:00,ok,36.36
226,2026-10-01T16:58:28+00:00,ok,27.27
228,2026-10-01T16:58:28+00:00,ok,20.83
230,2026-10-01T16:58:28+00:00,no coverage,
231,2026-10-01T16:58:28+00:00,no coverage,
232,2026-10-01T16:58:28+00:00,no coverage,
233,2026-10-01T16:58:28+00:00,no coverage,
234,2026-10-01T16:58:28+00:00,no coverage,
235,2026-10-01T16:58:28+00:00,ok,28.0
236,2026-10-01T16:58:28+00:00,ok,24.24
237,2026-10-01T16:58:28+00:00,ok,19.23
238,2026-10-01T16:58:28+00:00,ok,27.59
239,2026-10-01T16:58:28+00:00,ok,35.29
240,2026-10-01T16:58:28+00:00,no coverage,
241,2026-10-01T16:58:28+00:00,no coverage,
242,2026-10-01T16:58:28+00:00,ok,42.31
243,2026-10-01T16:58:28+00:00,ok,0.0
244,2026-10-01T16:58:28+00:00,ok,25.0
245,2026-10-01T16:58:28+00:00,ok,23.53
246,2026-10-01T16:58:28+00:00,ok,0.0
247,2026-10-01T16:58:28+00:00,ok,0.0
248,2026-10-01T16:58:28+00:00,ok,0.0
249,2026-10-01T16:58:28+00:00,night,
250,2026-10-01T16:58:28+00:00,night,
251,2026-10-01T16:58:28+00:00,ok,20.69
252,2026-10-01T16:58:28+00:00,ok,21.43
255,2026-10-01T16:58:28+00:00,ok,23.33
256,2026-10-01T16:58:28+00:00,ok,21.74
257,2026-10-01T16:58:28+00:00,ok,31.11
258,2026-10-01T16:58:28+00:00,ok,39.13
259,2026-10-01T16:58:28+00:00,no coverage,
260,2026-10-01T16:58:28+00:00,ok,0.0
261,2026-10-01T16:58:28+00:00,no coverage,
262,2026-10-01T16:58:28+00:00,ok,41.67
263,2026-10-01T16:58:28+00:00,ok,0.0
264,2026-10-01T16:58:28+00:00,ok,0.0
265,2026-10-01T16:58:28+00:00,no coverage,
266,2026-10-01T16:58:28+00:00,no coverage,
267,2026-10-01T16:58:28+00:00,no coverage,
270,2026-10-01T16:58:28+00:00,no coverage,
271,2026-10-01T16:58:28+00:00,ok,27.59
272,2026-10-01T16:58:28+00:00,no coverage,
273,2026-10-01T16:58:28+00:00,no coverage,
274,2026-10-01T16:58:28+00:00,no coverage,
275,2026-10-01T16:58:28+00:00,no coverage,
276,2026-10-01T16:58:28+00:00,no coverage,
277,2026-10-01T16:58:28+00:00,no coverage,
278,2026-10-01T16:58:28+00:00,no coverage,
279,2026-10-01T16:58:28+00:00,no coverage,
280,2026-10-01T16:58:28+00:00,no coverage,
281,2026-10-01T16:58:28+00:00,no coverage,
282,2026-10-01T16:58:28+00:00,no coverage,
283,2026-10-01T16:58:28+00:00,no coverage,
284,2026-10-01T16:58:28+00:00,no coverage,
285,2026-10-01T16:58:28+00:00,no coverage,
286,2026-10-01T16:58:28+00:00,no coverage,
287,2026-10-01T16:58:28+00:00,no coverage,
288,2026-10-01T16:58:28+00:00,no coverage,
289,2026-10-01T16:58:28+00:00,no coverage,
290,2026-10-01T16:58:28+00:00,no coverage,
291,2026-10-01T16:58:28+00:00,no coverage,
292,2026-10-01T16:58:28+00:00,no coverage,
293,2026-10-01T16:58:28+00:00,no coverage,
294,2026-10-01T16:58:28+00:00,no coverage,
295,2026-10-01T16:58:28+00:00,no coverage,
296,2026-10-01T16:58:28+00:00,no coverage,
297,2026-10-01T16:58:28+00:00,no coverage,
298,2026-10-01T16:58:28+00:00,no coverage,
299,2026-10-01T16:58:28+00:00,no coverage,
300,2026-10-01T16:58:28+00:00,no coverage,
301,2026-10-01T16:58:28+00:00,no coverage,
302,2026-10-01T16:58:28+00:00,no coverage,
303,2026-10-01T16:58:28+00:00,no coverage,
304,2026-10-01T16:58:28+00:00,no coverage,
305,2026-10-01T16:58:28+00:00,no coverage,
306,2026-10-01T16:58:28+00:00,no coverage,
307,2026-10-01T16:58:28+00:00,no coverage,
308,2026-10-01T16:58:28+00:00,no coverage,
309,2026-10-01T16:58:28+00:00,no coverage,
310,2026-10-01T16:58:28+00:00,no coverage,
311,2026-10-01T16:58:28+00:00,no coverage,
312,2026-10-01T16:58:28+00:00,no coverage,
313,2026-10-01T16:58:28+00:00,no coverage,
314,2026-10-01T16:58:28+00:00,no coverage,
315,2026-10-01T16:58:28+00:00,no coverage,
316,2026-10-01T16:58:28+00:00,no coverage,
317,2026-10-01T16:58:28+00:00,no coverage,
318,2026-10-01T16:58:28+00:00,no coverage,
319,2026-10-01T16:58:28+00:00,no coverage,
320,2026-10-01T16:58:28+00:00,no coverage,
321,2026-10-01T16:58:28+00:00,no coverage,
322,2026-10-01T16:58:28+00:00,no coverage,
323,2026-10-01T16:58:28+00:00,no coverage,
324,2026-10-01T16:58:28+00:00,no coverage,
325,2026-10-01T16:58:28+00:00,no coverage,
326,2026-10-01T16:58:28+00:00,no coverage,
327,2026-10-01T16:58:28+00:00,no coverage,
328,2026-10-01T16:58:28+00:00,no coverage,
329,2026-10-01T16:58:28+00:00,no coverage,
330,2026-10-01T16:58:28+00:00,no coverage,
331,2026-10-01T16:58:28+00:00,no coverage,
332,2026-10-01T16:58:28+00:00,no coverage,
333,2026-10-01T16:58:28+00:00,no coverage,
334,2026-10-01T16:58:28+00:00,no coverage,
335,2026-10-01T16:58:28+00:00,no coverage,
336,2026-10-01T16:58:28+00:00,no coverage,
337,2026-10-01T16:58:28+00:00,no coverage,
338,2026-10-01T16:58:28+00:00,no coverage,
339,2026-10-01T16:58:28+00:00,no coverage,
340,2026-10-01T16:58:28+00:00,no coverage,
341,2026-10-01T16:58:28+00:00,no coverage,
342,2026-10-01T16:58:28+00:00,no coverage,
343,2026-10-01T16:58:28+00:00,no coverage,
344,2026-10-01T16:58:28+00:00,no coverage,
345,2026-10-01T16:58:28+00:00,no coverage,
346,2026-10-01T16:58:28+00:00,no coverage,
347,2026-10-01T16:58:28+00:00,no coverage,
348,2026-10-01T16:58:28+00:00,no coverage,
349,2026-10-01T16:58:28+00:00,no coverage,
350,2026-10-01T16:58:28+00:00,no coverage,
351,2026-10-01T16:58:28+00:00,no coverage,
352,2026-10-01T16:58:28+00:00,no coverage,
353,2026-10-01T16:58:28+00:00,no coverage,
354,2026-10-01T16:58:28+00:00,no coverage,
355,2026-10-01T16:58:28+00:00,no coverage,
356,2026-10-01T16:58:28+00:00,no coverage,
357,2026-10-01T16:58:28+00:00,no coverage,
358,2026-10-01T16:58:28+00:00,no coverage,
359,2026-10-01T16:58:28+00:00,no coverage,
360,2026-10-01T16:58:28+00:00,no coverage,
361,2026-10-01T16:58:28+00:00,no coverage,
362,2026-10-01T16:58:28+00:00,no coverage,
363,2026-10-01T16:58:28+00:00,no coverage,
364,2026-10-01T16:58:28+00:00,no coverage,
365,2026-10-01T16:58:28+00:00,no coverage,
366,2026-10-01T16:58:28+00:00,no coverage,
367,2026-10-01T16:58:28+00:00,no coverage,
368,2026-10-01T16:58:28+00:00,no coverage,
369,2026-10-01T16:58:28+00:00,no coverage,
370,2026-10-01T16:58:28+00:00,no coverage,
371,2026-10-01T16:58:28+00:00,no coverage,
372,2026-10-01T16:58:28+00:00,no coverage,
373,2026-10-01T16:58:28+00:00,no coverage,
374,2026-10-01T16:58:28+00:00,no coverage,
375,2026-10-01T16:58:28+00:00,no coverage,
376,2026-10-01T16:58:28+00:00,no coverage,
377,2026-10-01T16:58:28+00:00,no coverage,
378,2026-10-01T16:58:28+00:00,no coverage,
379,2026-10-01T16:58:28+00:00,no coverage,
380,2026-10-01T16:58:28+00:00,no coverage,
381,2026-10-01T16:58:28+00:00,no coverage,
382,2026-10-01T16:58:28+00:00,no coverage,
383,2026-10-01T16:58:28+00:00,no coverage,
384,2026-10-01T16:58:28+00:00,no coverage,
385,2026-10-01T16:58:28+00:00,no coverage,
386,2026-10-01T16:58:28+00:00,no coverage,
387,2026-10-01T16:58:28+00:00,no coverage,
388,2026-10-01T16:58:28+00:00,no coverage,
389,2026-10-01T16:58:28+00:00,no coverage,
390,2026-10-01T16:58:28+00:00,no coverage,
392,2026-10-01T16:58:28+00:00,no coverage,
393,2026-10-01T16:58:28+00:00,no coverage,
394,2026-10-01T16:58:28+00:00,no coverage,
395,2026-10-01T16:58:28+00:00,no coverage,
396,2026-10-01T16:58:28+00:00,no coverage,
397,2026-10-01T16:58:28+00:00,no coverage,
423,2026-10-01T16:58:28+00:00,no coverage,
439,2026-10-01T16:58:28+00:00,no coverage,
440,2026-10-01T16:58:28+00:00,night,
469,2026-10-01T16:58:28+00:00,no coverage,
494,2026-10-01T16:58:28+00:00,night,
528,2026-10-01T16:58:28+00:00,no coverage,
563,2026-10-01T16:58:28+00:00,ok,19.05
567,2026-10-01T16:58:28+00:00,no coverage,
571,2026-10-01T16:58:28+00:00,no coverage,
573,2026-10-01T16:58:28+00:00,no coverage,
575,2026-10-01T16:58:28+00:00,no coverage,
577,2026-10-01T16:58:28+00:00,no coverage,
581,2026-10-01T16:58:28+00:00,no coverage,
590,2026-10-01T16:58:28+00:00,no coverage,
591,2026-10-01T16:58:28+00:00,ok,26.32
614,2026-10-01T16:58:28+00:00,no coverage,
617,2026-10-01T16:58:28+00:00,no coverage,
621,2026-10-01T16:58:28+00:00,no coverage,
1140,2026-10-01T16:58:28+00:00,ok,31.25
1360,2026-10-01T16:58:28+00:00,ok,0.0
1374,2026-10-01T16:58:28+00:00,no coverage,
1375,2026-10-01T16:58:28+00:00,no coverage,
1376,2026-10-01T16:58:28+00:00,no coverage,
1377,2026-10-01T16:58:28+00:00,no coverage,
1412,2026-10-01T16:58:28+00:00,no coverage,
1430,2026-10-01T16:58:28+00:00,no coverage,
1487,2026-10-01T16:58:28+00:00,ok,15.79
1556,2026-10-01T16:58:28+00:00,ok,11.36
1562,2026-10-01T16:58:28+00:00,ok,18.42
1571,2026-10-01T16:58:28+00:00,ok,33.33
1575,2026-10-01T16:58:28+00:00,ok,25.0
1592,2026-10-01T16:58:28+00:00,ok,26.47
1596,2026-10-01T16:58:28+00:00,ok,25.0
1615,2026-10-01T16:58:28+00:00,ok,30.43
1623,2026-10-01T16:58:28+00:00,night,
1625,2026-10-01T16:58:28+00:00,night,
1659,2026-10-01T16:58:28+00:00,no coverage,
1757,2026-10-01T16:58:28+00:00,ok,29.27
1892,2026-10-01T16:58:28+00:00,ok,22.45
1900,2026-10-01T16:58:28+00:00,ok,0.0
1912,2026-10-01T16:58:28+00:00,ok,39.02
1916,2026-10-01T16:58:28+00:00,ok,0.0
1985,2026-10-01T16:58:28+00:00,ok,9.09
2253,2026-10-01T16:58:28+00:00,ok,21.43
2257,2026-10-01T16:58:28+00:00,ok,0.0
2306,2026-10-01T16:58:28+00:00,ok,21.62
2310,2026-10-01T16:58:28+00:00,ok,30.0
2311,2026-10-01T16:58:28+00:00,ok,0.0
2356,2026-10-01T16:58:28+00:00,ok,26.09
2390,2026-10-01T16:58:28+00:00,ok,33.33
2391,2026-10-01T16:58:28+00:00,ok,22.58
2392,2026-10-01T16:58:28+00:00,ok,0.0
2393,2026-10-01T16:58:28+00:00,ok,0.0
2394,2026-10-01T16:58:28+00:00,ok,0.0
2402,2026-10-01T16:58:28+00:00,ok,29.03
2427,2026-10-01T16:58:28+00:00,no coverage,
2435,2026-10-01T16:58:28+00:00,ok,0.0
2483,2026-10-01T16:58:28+00:00,ok,40.0
3127,2026-10-01T16:58:28+00:00,ok,27.91
3201,2026-10-01T16:58:28+00:00,night,
3240,2026-10-01T16:58:28+00:00,ok,0.0
3290,2026-10-01T16:58:28+00:00,night,
3326,2026-10-01T16:58:28+00:00,night,
3328,2026-10-01T16:58:28+00:00,night,
3361,2026-10-01T16:58:28+00:00,night,
3363,2026-10-01T16:58:28+00:00,night,
3369,2026-10-01T16:58:28+00:00,night,
3379,2026-10-01T16:58:28+00:00,night,
3498,2026-10-01T16:58:28+00:00,night,
3508,2026-10-01T16:58:28+00:00,night,
3513,2026-10-01T16:58:28+00:00,night,
3517,2026-10-01T16:58:28+00:00,night,
3529,2026-10-01T16:58:28+00:00,night,
3530,2026-10-01T16:58:28+00:00,night,
3539,2026-10-01T16:58:28+00:00,night,
3550,2026-10-01T16:58:28+00:00,night,
3556,2026-10-01T16:58:28+00:00,night,
3564,2026-10-01T16:58:28+00:00,night,
3567,2026-10-01T16:58:28+00:00,night,
3568,2026-10-01T16:58:28+00:00,night,
3570,2026-10-01T16:58:28+00:00,night,
3576,2026-10-01T16:58:28+00:00,night,
3577,2026-10-01T16:58:28+00:00,night,
3579,2026-10-01T16:58:28+00:00,night,
3580,2026-10-01T16:58:28+00:00,night,
3581,2026-10-01T16:58:28+00:00,night,
3588,2026-10-01T16:58:28+00:00,night,
3592,2026-10-01T16:58:28+00:00,night,
3593,2026-10-01T16:58:28+00:00,night,
3594,2026-10-01T16:58:28+00:00,night,
3595,2026-10-01T16:58:28+00:00,night,
3596,2026-10-01T16:58:28+00:00,night,
3598,2026-10-01T16:58:28+00:00,night,
3600,2026-10-01T16:58:28+00:00,night,
3601,2026-10-01T16:58:28+00:00,night,
3602,2026-10-01T16:58:28+00:00,night,
3603,2026-10-01T16:58:28+00:00,night,
3606,2026-10-01T16:58:28+00:00,night,
3610,2026-10-01T16:58:28+00:00,night,
3614,2026-10-01T16:58:28+00:00,night,
3631,2026-10-01T16:58:28+00:00,night,
3633,2026-10-01T16:58:28+00:00,night,
3634,2026-10-01T16:58:28+00:00,night,
3637,2026-10-01T16:58:28+00:00,night,
3677,2026-10-01T16:58:28+00:00,night,
3721,2026-10-01T16:58:28+00:00,night,
3887,2026-10-01T16:58:28+00:00,ok,20.0
4022,2026-10-01T16:58:28+00:00,ok,16.67
4046,2026-10-01T16:58:28+00:00,ok,0.0
4049,2026-10-01T16:58:28+00:00,ok,0.0
4051,2026-10-01T16:58:28+00:00,ok,17.24
4074,2026-10-01T16:58:28+00:00,night,
4076,2026-10-01T16:58:28+00:00,night,
4106,2026-10-01T16:58:28+00:00,ok,39.29
4107,2026-10-01T16:58:28+00:00,ok,24.0
4108,2026-10-01T16:58:28+00:00,ok,0.0
4109,2026-10-01T16:58:28+00:00,ok,0.0
4149,2026-10-01T16:58:28+00:00,ok,40.91
4236,2026-10-01T16:58:28+00:00,ok,26.09
4248,2026-10-01T16:58:28+00:00,ok,27.27
4257,2026-10-01T16:58:28+00:00,ok,0.0
4273,2026-10-01T16:58:28+00:00,ok,16.67
4373,2026-10-01T16:58:28+00:00,ok,86.67
4416,2026-10-01T16:58:28+00:00,ok,30.77
4540,2026-10-01T16:58:28+00:00,ok,25.0
4613,2026-10-01T16:58:28+00:00,ok,17.5
4626,2026-10-01T16:58:28+00:00,ok,50.0
4789,2026-10-01T16:58:28+00:00,ok,0.0
4792,2026-10-01T16:58:28+00:00,ok,23.68
4808,2026-10-01T16:58:28+00:00,ok,24.49
4866,2026-10-01T16:58:28+00:00,ok,11.9
4981,2026-10-01T16:58:28+00:00,ok,0.0
5005,2026-10-01T16:58:28+00:00,ok,29.55
5135,2026-10-01T16:58:28+00:00,ok,0.0
5160,2026-10-01T16:58:28+00:00,ok,0.0
5267,2026-10-01T16:58:28+00:00,ok,0.0
5638,2026-10-01T16:58:28+00:00,ok,28.57
5730,2026-10-01T16:58:28+00:00,night,
5906,2026-10-01T16:58:28+00:00,ok,19.15
5995,2026-10-01T16:58:28+00:00,ok,40.0
6002,2026-10-01T16:58:28+00:00,ok,31.43
6003,2026-10-01T16:58:28+00:00,ok,25.0
6045,2026-10-01T16:58:28+00:00,ok,28.26
6055,2026-10-01T16:58:28+00:00,ok,0.0
6057,2026-10-01T16:58:28+00:00,ok,0.0
6058,2026-10-01T16:58:28+00:00,ok,0.0
6063,2026-10-01T16:58:28+00:00,ok,21.21
6089,2026-10-01T16:58:28+00:00,ok,0.0
6120,2026-10-01T16:58:28+00:00,ok,0.0
6132,2026-10-01T16:58:28+00:00,ok,0.0
6233,2026-10-01T16:58:28+00:00,ok,23.81
6235,2026-10-01T16:58:28+00:00,ok,0.0
6237,2026-10-01T16:58:28+00:00,ok,26.53
6464,2026-10-01T16:58:28+00:00,ok,20.69
6469,2026-10-01T16:58:28+00:00,ok,48.72
6495,2026-10-01T16:58:28+00:00,ok,37.14
6497,2026-10-01T16:58:28+00:00,ok,0.0
6505,2026-10-01T16:58:28+00:00,ok,0.0
6524,2026-10-01T16:58:28+00:00,ok,0.0
6526,2026-10-01T16:58:28+00:00,ok,27.27
6527,2026-10-01T16:58:28+00:00,ok,21.28
6531,2026-10-01T16:58:28+00:00,ok,25.0
6532,2026-10-01T16:58:28+00:00,ok,40.0
6571,2026-10-01T16:58:28+00:00,ok,0.0
6614,2026-10-01T16:58:28+00:00,night,
6618,2026-10-01T16:58:28+00:00,ok,28.0
6667,2026-10-01T16:58:28+00:00,ok,0.0
6688,2026-10-01T16:58:28+00:00,ok,42.31
6778,2026-10-01T16:58:28+00:00,ok,50.0
6780,2026-10-01T16:58:28+00:00,ok,41.03
6783,2026-10-01T16:58:28+00:00,ok,51.35
6785,2026-10-01T16:58:28+00:00,ok,0.0
6788,2026-10-01T16:58:28+00:00,ok,20.83
6789,2026-10-01T16:58:28+00:00,ok,47.83
6793,2026-10-01T16:58:28+00:00,ok,42.42
6795,2026-10-01T16:58:28+00:00,ok,36.11
6796,2026-10-01T16:58:28+00:00,ok,0.0
6801,2026-10-01T16:58:28+00:00,ok,51.61
6802,2026-10-01T16:58:28+00:00,ok,48.72
6805,2026-10-01T16:58:28+00:00,ok,13.85
6810,2026-10-01T16:58:28+00:00,ok,50.0
6816,2026-10-01T16:58:28+00:00,ok,40.91
6866,2026-10-01T16:58:28+00:00,ok,20.45
6877,2026-10-01T16:58:28+00:00,ok,0.0
6910,2026-10-01T16:58:28+00:00,ok,38.46
6915,2026-10-01T16:58:28+00:00,ok,24.49
6932,2026-10-01T16:58:28+00:00,ok,13.79
6939,2026-10-01T16:58:28+00:00,ok,25.0
6944,2026-10-01T16:58:28+00:00,ok,0.0
6956,2026-10-01T16:58:28+00:00,ok,19.61
7027,2026-10-01T16:58:28+00:00,ok,0.0
7058,2026-10-01T16:58:28+00:00,ok,33.33
7454,2026-10-01T16:58:28+00:00,night,
7496,2026-10-01T16:58:28+00:00,ok,0.0
7593,2026-10-01T16:58:28+00:00,ok,0.0
7651,2026-10-01T16:58:28+00:00,ok,0.0
7763,2026-10-01T16:58:28+00:00,ok,21.15
7769,2026-10-01T16:58:28+00:00,ok,20.75
7844,2026-10-01T16:58:28+00:00,night,
7863,2026-10-01T16:58:28+00:00,night,
7967,2026-10-01T16:58:28+00:00,ok,23.08
7986,2026-10-01T16:58:28+00:00,ok,31.25
8013,2026-10-01T16:58:28+00:00,ok,20.93
8016,2026-10-01T16:58:28+00:00,ok,9.86
8017,2026-10-01T16:58:28+00:00,ok,0.0
8021,2026-10-01T16:58:28+00:00,ok,40.0
8029,2026-10-01T16:58:28+00:00,ok,0.0
8032,2026-10-01T16:58:28+00:00,ok,0.0
8082,2026-10-01T16:58:28+00:00,ok,22.22
8088,2026-10-01T16:58:28+00:00,ok,0.0
8100,2026-10-01T16:58:28+00:00,ok,0.0
8138,2026-10-01T16:58:28+00:00,ok,32.43
8170,2026-10-01T16:58:28+00:00,ok,0.0
8203,2026-10-01T16:58:28+00:00,ok,14.0
8216,2026-10-01T16:58:28+00:00,ok,0.0
8217,2026-10-01T16:58:28+00:00,ok,0.0
8218,2026-10-01T16:58:28+00:00,ok,0.0
8236,2026-10-01T16:58:28+00:00,ok,39.13
8253,2026-10-01T16:58:28+00:00,ok,21.13
8256,2026-10-01T16:58:28+00:00,ok,0.0
8257,2026-10-01T16:58:28+00:00,ok,21.43
8272,2026-10-01T16:58:28+00:00,ok,32.0
8291,2026-10-01T16:58:28+00:00,ok,23.91
8311,2026-10-01T16:58:28+00:00,ok,5.66
8315,2026-10-01T16:58:28+00:00,ok,9.09
8316,2026-10-01T16:58:28+00:00,ok,27.5
8323,2026-10-01T16:58:28+00:00,ok,15.38
8324,2026-10-01T16:58:28+00:00,ok,22.73
8331,2026-10-01T16:58:28+00:00,ok,16.22
8333,2026-10-01T16:58:28+00:00,ok,20.0
8353,2026-10-01T16:58:28+00:00,ok,19.15
8356,2026-10-01T16:58:28+00:00,ok,18.92
8358,2026-10-01T16:58:28+00:00,ok,17.65
8368,2026-10-01T16:58:28+00:00,ok,0.0
8384,2026-10-01T16:58:28+00:00,ok,17.78
8392,2026-10-01T16:58:28+00:00,ok,22.73
8495,2026-10-01T16:58:28+00:00,ok,19.35
8605,2026-10-01T16:58:28+00:00,ok,22.0
8625,2026-10-01T16:58:28+00:00,ok,15.22
8639,2026-10-01T16:58:28+00:00,ok,0.0
8644,2026-10-01T16:58:28+00:00,no coverage,
8645,2026-10-01T16:58:28+00:00,ok,20.51
8655,2026-10-01T16:58:28+00:00,ok,18.42
8675,2026-10-01T16:58:28+00:00,ok,16.07
8683,2026-10-01T16:58:28+00:00,ok,31.82
8700,2026-10-01T16:58:28+00:00,ok,3.77
8712,2026-10-01T16:58:28+00:00,ok,0.0
8726,2026-10-01T16:58:28+00:00,ok,21.74
8731,2026-10-01T16:58:28+00:00,ok,42.86
8732,2026-10-01T16:58:28+00:00,ok,30.77
8736,2026-10-01T16:58:28+00:00,ok,24.44
8818,2026-10-01T16:58:28+00:00,ok,16.22
8917,2026-10-01T16:58:28+00:00,night,
8927,2026-10-01T16:58:28+00:00,night,
8938,2026-10-01T16:58:28+00:00,night,
9029,2026-10-01T16:58:28+00:00,ok,25.71
9030,2026-10-01T16:58:28+00:00,ok,23.53
9036,2026-10-01T16:58:28+00:00,ok,30.3
9048,2026-10-01T16:58:28+00:00,ok,32.5
9050,2026-10-01T16:58:28+00:00,ok,0.0
9059,2026-10-01T16:58:28+00:00,ok,0.0
9062,2026-10-01T16:58:28+00:00,ok,0.0
9072,2026-10-01T16:58:28+00:00,ok,29.73
9135,2026-10-01T16:58:28+00:00,ok,0.0
9136,2026-10-01T16:58:28+00:00,ok,16.67
9299,2026-10-01T16:58:28+00:00,ok,30.0
9302,2026-10-01T16:58:28+00:00,ok,0.0
9306,2026-10-01T16:58:28+00:00,ok,24.44
9308,2026-10-01T16:58:28+00:00,ok,0.0
9319,2026-10-01T16:58:28+00:00,ok,0.0
9322,2026-10-01T16:58:28+00:00,ok,25.81
9328,2026-10-01T16:58:28+00:00,ok,18.18
9343,2026-10-01T16:58:28+00:00,ok,24.24
9434,2026-10-01T16:58:28+00:00,ok,0.0
9440,2026-10-01T16:58:28+00:00,ok,0.0
9452,2026-10-01T16:58:28+00:00,ok,0.0
9457,2026-10-01T16:58:28+00:00,ok,20.83
9477,2026-10-01T16:58:28+00:00,ok,0.0
9478,2026-10-01T16:58:28+00:00,ok,22.92
9497,2026-10-01T16:58:28+00:00,ok,26.09
9566,2026-10-01T16:58:28+00:00,ok,33.33
29,2026-10-01T17:12:16+00:00,no coverage,
227,2026-10-01T17:12:16+00:00,ok,0.0
398,2026-10-01T17:12:16+00:00,ok,7.89
400,2026-10-01T17:12:16+00:00,no coverage,
401,2026-10-01T17:12:16+00:00,no coverage,
409,2026-10-01T17:12:16+00:00,no coverage,
410,2026-10-01T17:12:16+00:00,no coverage,
411,2026-10-01T17:12:16+00:00,no coverage,
415,2026-10-01T17:12:16+00:00,no coverage,
416,2026-10-01T17:12:16+00:00,no coverage,
417,2026-10-01T17:12:16+00:00,no coverage,
418,2026-10-01T17:12:16+00:00,no coverage,
422,2026-10-01T17:12:16+00:00,no coverage,
426,2026-10-01T17:12:16+00:00,no coverage,
427,2026-10-01T17:12:16+00:00,no coverage,
430,2026-10-01T17:12:16+00:00,no coverage,
431,2026-10-01T17:12:16+00:00,no coverage,
432,2026-10-01T17:12:16+00:00,no coverage,
433,2026-10-01T17:12:16+00:00,no coverage,
436,2026-10-01T17:12:16+00:00,no coverage,
437,2026-10-01T17:12:16+00:00,no coverage,
438,2026-10-01T17:12:16+00:00,no coverage,
479,2026-10-01T17:12:16+00:00,no coverage,
480,2026-10-01T17:12:16+00:00,no coverage,
481,2026-10-01T17:12:16+00:00,no coverage,
482,2026-10-01T17:12:16+00:00,no coverage,
483,2026-10-01T17:12:16+00:00,no coverage,
484,2026-10-01T17:12:16+00:00,no coverage,
485,2026-10-01T17:12:16+00:00,no coverage,
487,2026-10-01T17:12:16+00:00,no coverage,
489,2026-10-01T17:12:16+00:00,no coverage,
490,2026-10-01T17:12:16+00:00,no coverage,
529,2026-10-01T17:12:16+00:00,no coverage,
530,2026-10-01T17:12:16+00:00,no coverage,
531,2026-10-01T17:12:16+00:00,no coverage,
532,2026-10-01T17:12:16+00:00,no coverage,
533,2026-10-01T17:12:16+00:00,no coverage,
534,2026-10-01T17:12:16+00:00,no coverage,
535,2026-10-01T17:12:16+00:00,no coverage,
536,2026-10-01T17:12:16+00:00,no coverage,
537,2026-10-01T17:12:16+00:00,ok,0.0
538,2026-10-01T17:12:16+00:00,ok,19.23
539,2026-10-01T17:12:16+00:00,no coverage,
540,2026-10-01T17:12:16+00:00,no coverage,
541,2026-10-01T17:12:16+00:00,no coverage,
542,2026-10-01T17:12:16+00:00,no coverage,
543,2026-10-01T17:12:16+00:00,no coverage,
544,2026-10-01T17:12:16+00:00,ok,17.39
545,2026-10-01T17:12:16+00:00,ok,5.45
546,2026-10-01T17:12:16+00:00,no coverage,
547,2026-10-01T17:12:16+00:00,no coverage,
548,2026-10-01T17:12:16+00:00,no coverage,
549,2026-10-01T17:12:16+00:00,no coverage,
550,2026-10-01T17:12:16+00:00,no coverage,
551,2026-10-01T17:12:16+00:00,no coverage,
552,2026-10-01T17:12:16+00:00,no coverage,
553,2026-10-01T17:12:16+00:00,ok,0.0
554,2026-10-01T17:12:16+00:00,ok,16.67
555,2026-10-01T17:12:16+00:00,no coverage,
556,2026-10-01T17:12:16+00:00,no coverage,
557,2026-10-01T17:12:16+00:00,no coverage,
558,2026-10-01T17:12:16+00:00,ok,0.0
560,2026-10-01T17:12:16+00:00,ok,0.0
561,2026-10-01T17:12:16+00:00,ok,0.0
562,2026-10-01T17:12:16+00:00,ok,0.0
564,2026-10-01T17:12:16+00:00,ok,0.0
565,2026-10-01T17:12:16+00:00,ok,0.0
566,2026-10-01T17:12:16+00:00,ok,0.0
568,2026-10-01T17:12:16+00:00,no coverage,
569,2026-10-01T17:12:16+00:00,no coverage,
570,2026-10-01T17:12:16+00:00,no coverage,
572,2026-10-01T17:12:16+00:00,no coverage,
574,2026-10-01T17:12:16+00:00,no coverage,
576,2026-10-01T17:12:16+00:00,no coverage,
578,2026-10-01T17:12:16+00:00,no coverage,
579,2026-10-01T17:12:16+00:00,no coverage,
580,2026-10-01T17:12:16+00:00,no coverage,
582,2026-10-01T17:12:16+00:00,no coverage,
583,2026-10-01T17:12:16+00:00,no coverage,
584,2026-10-01T17:12:16+00:00,no coverage,
585,2026-10-01T17:12:16+00:00,no coverage,
586,2026-10-01T17:12:16+00:00,no coverage,
587,2026-10-01T17:12:16+00:00,no coverage,
588,2026-10-01T17:12:16+00:00,no coverage,
589,2026-10-01T17:12:16+00:00,no coverage,
592,2026-10-01T17:12:16+00:00,ok,0.0
593,2026-10-01T17:12:16+00:00,ok,38.89
594,2026-10-01T17:12:16+00:00,ok,0.0
596,2026-10-01T17:12:16+00:00,ok,0.0
597,2026-10-01T17:12:16+00:00,ok,12.5
598,2026-10-01T17:12:16+00:00,no coverage,
599,2026-10-01T17:12:16+00:00,no coverage,
600,2026-10-01T17:12:16+00:00,no coverage,
601,2026-10-01T17:12:16+00:00,no coverage,
602,2026-10-01T17:12:16+00:00,no coverage,
603,2026-10-01T17:12:16+00:00,no coverage,
604,2026-10-01T17:12:16+00:00,no coverage,
605,2026-10-01T17:12:16+00:00,ok,0.0
606,2026-10-01T17:12:16+00:00,ok,0.0
607,2026-10-01T17:12:16+00:00,ok,50.0
608,2026-10-01T17:12:16+00:00,ok,7.5
609,2026-10-01T17:12:16+00:00,ok,0.0
610,2026-10-01T17:12:16+00:00,no coverage,
611,2026-10-01T17:12:16+00:00,no coverage,
612,2026-10-01T17:12:16+00:00,ok,0.0
613,2026-10-01T17:12:16+00:00,no coverage,
615,2026-10-01T17:12:16+00:00,no coverage,
616,2026-10-01T17:12:16+00:00,no coverage,
618,2026-10-01T17:12:16+00:00,no coverage,
619,2026-10-01T17:12:16+00:00,no coverage,
620,2026-10-01T17:12:16+00:00,no coverage,
622,2026-10-01T17:12:16+00:00,no coverage,
623,2026-10-01T17:12:16+00:00,no coverage,
624,2026-10-01T17:12:16+00:00,no coverage,
625,2026-10-01T17:12:16+00:00,no coverage,
626,2026-10-01T17:12:16+00:00,no coverage,
628,2026-10-01T17:12:16+00:00,no coverage,
629,2026-10-01T17:12:16+00:00,no coverage,
630,2026-10-01T17:12:16+00:00,no coverage,
631,2026-10-01T17:12:16+00:00,no coverage,
632,2026-10-01T17:12:16+00:00,no coverage,
633,2026-10-01T17:12:16+00:00,no coverage,
644,2026-10-01T17:12:16+00:00,no coverage,
648,2026-10-01T17:12:16+00:00,no coverage,
652,2026-10-01T17:12:16+00:00,no coverage,
654,2026-10-01T17:12:16+00:00,no coverage,
655,2026-10-01T17:12:16+00:00,no coverage,
656,2026-10-01T17:12:16+00:00,no coverage,
657,2026-10-01T17:12:16+00:00,no coverage,
658,2026-10-01T17:12:16+00:00,no coverage,
659,2026-10-01T17:12:16+00:00,no coverage,
660,2026-10-01T17:12:16+00:00,no coverage,
661,2026-10-01T17:12:16+00:00,no coverage,
662,2026-10-01T17:12:16+00:00,no coverage,
663,2026-10-01T17:12:16+00:00,no coverage,
664,2026-10-01T17:12:16+00:00,no coverage,
665,2026-10-01T17:12:16+00:00,no coverage,
666,2026-10-01T17:12:16+00:00,no coverage,
667,2026-10-01T17:12:16+00:00,no coverage,
668,2026-10-01T17:12:16+00:00,no coverage,
669,2026-10-01T17:12:16+00:00,no coverage,
670,2026-10-01T17:12:16+00:00,no coverage,
671,2026-10-01T17:12:16+00:00,no coverage,
673,2026-10-01T17:12:16+00:00,no coverage,
675,2026-10-01T17:12:16+00:00,no coverage,
676,2026-10-01T17:12:16+00:00,no coverage,
677,2026-10-01T17:12:16+00:00,no coverage,
678,2026-10-01T17:12:16+00:00,no coverage,
679,2026-10-01T17:12:16+00:00,no coverage,
680,2026-10-01T17:12:16+00:00,no coverage,
681,2026-10-01T17:12:16+00:00,no coverage,
682,2026-10-01T17:12:16+00:00,no coverage,
683,2026-10-01T17:12:16+00:00,no coverage,
684,2026-10-01T17:12:16+00:00,no coverage,
685,2026-10-01T17:12:16+00:00,no coverage,
686,2026-10-01T17:12:16+00:00,no coverage,
687,2026-10-01T17:12:16+00:00,no coverage,
688,2026-10-01T17:12:16+00:00,no coverage,
689,2026-10-01T17:12:16+00:00,no coverage,
690,2026-10-01T17:12:16+00:00,no coverage,
691,2026-10-01T17:12:16+00:00,no coverage,
692,2026-10-01T17:12:16+00:00,no coverage,
693,2026-10-01T17:12:16+00:00,no coverage,
694,2026-10-01T17:12:16+00:00,no coverage,
695,2026-10-01T17:12:16+00:00,no coverage,
696,2026-10-01T17:12:16+00:00,no coverage,
697,2026-10-01T17:12:16+00:00,no coverage,
698,2026-10-01T17:12:16+00:00,no coverage,
699,2026-10-01T17:12:16+00:00,no coverage,
700,2026-10-01T17:12:16+00:00,no coverage,
701,2026-10-01T17:12:16+00:00,no coverage,
702,2026-10-01T17:12:16+00:00,no coverage,
706,2026-10-01T17:12:16+00:00,no coverage,
707,2026-10-01T17:12:16+00:00,no coverage,
708,2026-10-01T17:12:16+00:00,no coverage,
710,2026-10-01T17:12:16+00:00,no coverage,
753,2026-10-01T17:12:16+00:00,ok,0.0
762,2026-10-01T17:12:16+00:00,no coverage,
763,2026-10-01T17:12:16+00:00,no coverage,
764,2026-10-01T17:12:16+00:00,no coverage,
765,2026-10-01T17:12:16+00:00,no coverage,
766,2026-10-01T17:12:16+00:00,ok,0.0
802,2026-10-01T17:12:16+00:00,ok,0.0
803,2026-10-01T17:12:16+00:00,ok,0.0
804,2026-10-01T17:12:16+00:00,ok,0.0
805,2026-10-01T17:12:16+00:00,ok,0.0
806,2026-10-01T17:12:16+00:00,ok,0.0
807,2026-10-01T17:12:16+00:00,ok,0.0
808,2026-10-01T17:12:16+00:00,ok,0.0
809,2026-10-01T17:12:16+00:00,ok,0.0
810,2026-10-01T17:12:16+00:00,ok,22.73
811,2026-10-01T17:12:16+00:00,ok,12.2
812,2026-10-01T17:12:16+00:00,ok,0.0
813,2026-10-01T17:12:16+00:00,ok,0.0
814,2026-10-01T17:12:16+00:00,ok,0.0
815,2026-10-01T17:12:16+00:00,ok,0.0
816,2026-10-01T17:12:16+00:00,ok,0.0
817,2026-10-01T17:12:16+00:00,ok,0.0
818,2026-10-01T17:12:16+00:00,ok,0.0
819,2026-10-01T17:12:16+00:00,ok,0.0
820,2026-10-01T17:12:16+00:00,ok,20.0
822,2026-10-01T17:12:16+00:00,ok,17.07
823,2026-10-01T17:12:16+00:00,ok,6.9
824,2026-10-01T17:12:16+00:00,ok,17.07
825,2026-10-01T17:12:16+00:00,ok,20.0
826,2026-10-01T17:12:16+00:00,ok,0.0
827,2026-10-01T17:12:16+00:00,ok,0.0
828,2026-10-01T17:12:16+00:00,no coverage,
829,2026-10-01T17:12:16+00:00,no coverage,
830,2026-10-01T17:12:16+00:00,no coverage,
831,2026-10-01T17:12:16+00:00,no coverage,
832,2026-10-01T17:12:16+00:00,no coverage,
833,2026-10-01T17:12:16+00:00,no coverage,
834,2026-10-01T17:12:16+00:00,no coverage,
835,2026-10-01T17:12:16+00:00,no coverage,
836,2026-10-01T17:12:16+00:00,no coverage,
837,2026-10-01T17:12:16+00:00,no coverage,
838,2026-10-01T17:12:16+00:00,no coverage,
839,2026-10-01T17:12:16+00:00,no coverage,
840,2026-10-01T17:12:16+00:00,no coverage,
841,2026-10-01T17:12:16+00:00,no coverage,
842,2026-10-01T17:12:16+00:00,no coverage,
843,2026-10-01T17:12:16+00:00,no coverage,
844,2026-10-01T17:12:16+00:00,no coverage,
845,2026-10-01T17:12:16+00:00,no coverage,
846,2026-10-01T17:12:16+00:00,no coverage,
847,2026-10-01T17:12:16+00:00,no coverage,
848,2026-10-01T17:12:16+00:00,no coverage,
849,2026-10-01T17:12:16+00:00,no coverage,
850,2026-10-01T17:12:16+00:00,no coverage,
852,2026-10-01T17:12:16+00:00,no coverage,
853,2026-10-01T17:12:16+00:00,ok,0.0
858,2026-10-01T17:12:16+00:00,ok,0.0
860,2026-10-01T17:12:16+00:00,ok,0.0
863,2026-10-01T17:12:16+00:00,ok,0.0
868,2026-10-01T17:12:16+00:00,ok,0.0
871,2026-10-01T17:12:16+00:00,ok,0.0
872,2026-10-01T17:12:16+00:00,ok,0.0
881,2026-10-01T17:12:16+00:00,ok,3.92
882,2026-10-01T17:12:16+00:00,ok,18.87
883,2026-10-01T17:12:16+00:00,ok,0.0
884,2026-10-01T17:12:16+00:00,ok,0.0
885,2026-10-01T17:12:16+00:00,ok,76.92
886,2026-10-01T17:12:16+00:00,ok,0.0
887,2026-10-01T17:12:16+00:00,ok,24.0
888,2026-10-01T17:12:16+00:00,ok,0.0
889,2026-10-01T17:12:16+00:00,ok,0.0
890,2026-10-01T17:12:16+00:00,ok,0.0
891,2026-10-01T17:12:16+00:00,ok,0.0
892,2026-10-01T17:12:16+00:00,ok,0.0
893,2026-10-01T17:12:16+00:00,ok,0.0
894,2026-10-01T17:12:16+00:00,ok,0.0
895,2026-10-01T17:12:16+00:00,ok,0.0
896,2026-10-01T17:12:16+00:00,ok,0.0
897,2026-10-01T17:12:16+00:00,ok,0.0
899,2026-10-01T17:12:16+00:00,ok,0.0
900,2026-10-01T17:12:16+00:00,ok,0.0
902,2026-10-01T17:12:16+00:00,ok,0.0
903,2026-10-01T17:12:16+00:00,ok,0.0
904,2026-10-01T17:12:16+00:00,ok,0.0
905,2026-10-01T17:12:16+00:00,ok,0.0
906,2026-10-01T17:12:16+00:00,ok,0.0
907,2026-10-01T17:12:16+00:00,ok,0.0
908,2026-10-01T17:12:16+00:00,ok,0.0
909,2026-10-01T17:12:16+00:00,ok,0.0
910,2026-10-01T17:12:16+00:00,ok,0.0
911,2026-10-01T17:12:16+00:00,ok,0.0
912,2026-10-01T17:12:16+00:00,ok,0.0
913,2026-10-01T17:12:16+00:00,ok,0.0
915,2026-10-01T17:12:16+00:00,ok,0.0
916,2026-10-01T17:12:16+00:00,ok,0.0
917,2026-10-01T17:12:16+00:00,ok,0.0
918,2026-10-01T17:12:16+00:00,ok,0.0
919,2026-10-01T17:12:16+00:00,ok,0.0
920,2026-10-01T17:12:16+00:00,ok,0.0
921,2026-10-01T17:12:16+00:00,ok,0.0
922,2026-10-01T17:12:16+00:00,ok,0.0
923,2026-10-01T17:12:16+00:00,ok,0.0
924,2026-10-01T17:12:16+00:00,ok,15.22
925,2026-10-01T17:12:16+00:00,ok,8.0
926,2026-10-01T17:12:16+00:00,no coverage,
927,2026-10-01T17:12:16+00:00,ok,0.0
928,2026-10-01T17:12:16+00:00,ok,0.0
929,2026-10-01T17:12:16+00:00,ok,0.0
930,2026-10-01T17:12:16+00:00,ok,6.67
931,2026-10-01T17:12:16+00:00,ok,0.0
932,2026-10-01T17:12:16+00:00,ok,0.0
933,2026-10-01T17:12:16+00:00,ok,0.0
934,2026-10-01T17:12:16+00:00,ok,0.0
935,2026-10-01T17:12:16+00:00,no coverage,
936,2026-10-01T17:12:16+00:00,no coverage,
937,2026-10-01T17:12:16+00:00,no coverage,
938,2026-10-01T17:12:16+00:00,no coverage,
939,2026-10-01T17:12:16+00:00,no coverage,
940,2026-10-01T17:12:16+00:00,no coverage,
941,2026-10-01T17:12:16+00:00,no coverage,
942,2026-10-01T17:12:16+00:00,no coverage,
943,2026-10-01T17:12:16+00:00,no coverage,
944,2026-10-01T17:12:16+00:00,no coverage,
945,2026-10-01T17:12:16+00:00,no coverage,
946,2026-10-01T17:12:16+00:00,ok,0.0
948,2026-10-01T17:12:16+00:00,ok,0.0
951,2026-10-01T17:12:16+00:00,ok,0.0
952,2026-10-01T17:12:16+00:00,no coverage,
953,2026-10-01T17:12:16+00:00,no coverage,
954,2026-10-01T17:12:16+00:00,no coverage,
955,2026-10-01T17:12:16+00:00,no coverage,
956,2026-10-01T17:12:16+00:00,no coverage,
957,2026-10-01T17:12:16+00:00,no coverage,
958,2026-10-01T17:12:16+00:00,no coverage,
959,2026-10-01T17:12:16+00:00,no coverage,
960,2026-10-01T17:12:16+00:00,no coverage,
961,2026-10-01T17:12:16+00:00,no coverage,
962,2026-10-01T17:12:16+00:00,no coverage,
963,2026-10-01T17:12:16+00:00,no coverage,
964,2026-10-01T17:12:16+00:00,no coverage,
965,2026-10-01T17:12:16+00:00,no coverage,
966,2026-10-01T17:12:16+00:00,no coverage,
967,2026-10-01T17:12:16+00:00,no coverage,
968,2026-10-01T17:12:16+00:00,no coverage,
970,2026-10-01T17:12:16+00:00,ok,18.37
971,2026-10-01T17:12:16+00:00,no coverage,
973,2026-10-01T17:12:16+00:00,no coverage,
974,2026-10-01T17:12:16+00:00,no coverage,
975,2026-10-01T17:12:16+00:00,no coverage,
977,2026-10-01T17:12:16+00:00,ok,31.82
978,2026-10-01T17:12:16+00:00,ok,0.0
979,2026-10-01T17:12:16+00:00,ok,0.0
980,2026-10-01T17:12:16+00:00,no coverage,
981,2026-10-01T17:12:16+00:00,ok,17.65
982,2026-10-01T17:12:16+00:00,ok,0.0
983,2026-10-01T17:12:16+00:00,ok,0.0
984,2026-10-01T17:12:16+00:00,ok,0.0
986,2026-10-01T17:12:16+00:00,no coverage,
989,2026-10-01T17:12:16+00:00,no coverage,
990,2026-10-01T17:12:16+00:00,no coverage,
991,2026-10-01T17:12:16+00:00,no coverage,
992,2026-10-01T17:12:16+00:00,no coverage,
993,2026-10-01T17:12:16+00:00,no coverage,
994,2026-10-01T17:12:16+00:00,no coverage,
1001,2026-10-01T17:12:16+00:00,no coverage,
1002,2026-10-01T17:12:16+00:00,no coverage,
1003,2026-10-01T17:12:16+00:00,no coverage,
1004,2026-10-01T17:12:16+00:00,no coverage,
1005,2026-10-01T17:12:16+00:00,no coverage,
1006,2026-10-01T17:12:16+00:00,no coverage,
1007,2026-10-01T17:12:16+00:00,no coverage,
1008,2026-10-01T17:12:16+00:00,no coverage,
1009,2026-10-01T17:12:16+00:00,no coverage,
1010,2026-10-01T17:12:16+00:00,no coverage,
1011,2026-10-01T17:12:16+00:00,no coverage,
1012,2026-10-01T17:12:16+00:00,no coverage,
1013,2026-10-01T17:12:16+00:00,no coverage,
1014,2026-10-01T17:12:16+00:00,no coverage,
1015,2026-10-01T17:12:16+00:00,no coverage,
1016,2026-10-01T17:12:16+00:00,ok,0.0
1017,2026-10-01T17:12:16+00:00,ok,0.0
1018,2026-10-01T17:12:16+00:00,ok,23.08
1019,2026-10-01T17:12:16+00:00,ok,0.0
1020,2026-10-01T17:12:16+00:00,ok,0.0
1022,2026-10-01T17:12:16+00:00,no coverage,
1023,2026-10-01T17:12:16+00:00,no coverage,
1024,2026-10-01T17:12:16+00:00,no coverage,
1025,2026-10-01T17:12:16+00:00,no coverage,
1026,2026-10-01T17:12:16+00:00,ok,0.0
1027,2026-10-01T17:12:16+00:00,no coverage,
1028,2026-10-01T17:12:16+00:00,no coverage,
1029,2026-10-01T17:12:16+00:00,no coverage,
1030,2026-10-01T17:12:16+00:00,no coverage,
1031,2026-10-01T17:12:16+00:00,no coverage,
1032,2026-10-01T17:12:16+00:00,ok,26.32
1033,2026-10-01T17:12:16+00:00,ok,0.0
1034,2026-10-01T17:12:16+00:00,no coverage,
1035,2026-10-01T17:12:16+00:00,no coverage,
1036,2026-10-01T17:12:16+00:00,no coverage,
1037,2026-10-01T17:12:16+00:00,no coverage,
1038,2026-10-01T17:12:16+00:00,no coverage,
1039,2026-10-01T17:12:16+00:00,no coverage,
1040,2026-10-01T17:12:16+00:00,no coverage,
1041,2026-10-01T17:12:16+00:00,no coverage,
1042,2026-10-01T17:12:16+00:00,no coverage,
1043,2026-10-01T17:12:16+00:00,no coverage,
1044,2026-10-01T17:12:16+00:00,no coverage,
1045,2026-10-01T17:12:16+00:00,no coverage,
1046,2026-10-01T17:12:16+00:00,no coverage,
1047,2026-10-01T17:12:16+00:00,no coverage,
1048,2026-10-01T17:12:16+00:00,no coverage,
1049,2026-10-01T17:12:16+00:00,no coverage,
1050,2026-10-01T17:12:16+00:00,no coverage,
1051,2026-10-01T17:12:16+00:00,no coverage,
1052,2026-10-01T17:12:16+00:00,no coverage,
1053,2026-10-01T17:12:16+00:00,no coverage,
1054,2026-10-01T17:12:16+00:00,no coverage,
1055,2026-10-01T17:12:16+00:00,no coverage,
1056,2026-10-01T17:12:16+00:00,ok,0.0
1057,2026-10-01T17:12:16+00:00,ok,0.0
1058,2026-10-01T17:12:16+00:00,ok,18.57
1059,2026-10-01T17:12:16+00:00,ok,0.0
1060,2026-10-01T17:12:16+00:00,no coverage,
1061,2026-10-01T17:12:16+00:00,ok,12.0
1062,2026-10-01T17:12:16+00:00,ok,0.0
1063,2026-10-01T17:12:16+00:00,ok,0.0
1064,2026-10-01T17:12:16+00:00,ok,0.0
1065,2026-10-01T17:12:16+00:00,ok,16.28
1066,2026-10-01T17:12:16+00:00,ok,0.0
1067,2026-10-01T17:12:16+00:00,ok,0.0
1068,2026-10-01T17:12:16+00:00,ok,0.0
1069,2026-10-01T17:12:16+00:00,ok,0.0
1070,2026-10-01T17:12:16+00:00,ok,0.0
1071,2026-10-01T17:12:16+00:00,ok,0.0
1072,2026-10-01T17:12:16+00:00,ok,0.0
1073,2026-10-01T17:12:16+00:00,ok,0.0
1074,2026-10-01T17:12:16+00:00,ok,0.0
1075,2026-10-01T17:12:16+00:00,ok,0.0
1076,2026-10-01T17:12:16+00:00,ok,0.0
1077,2026-10-01T17:12:16+00:00,ok,0.0
1078,2026-10-01T17:12:16+00:00,ok,0.0
1079,2026-10-01T17:12:16+00:00,ok,0.0
1080,2026-10-01T17:12:16+00:00,ok,0.0
1081,2026-10-01T17:12:16+00:00,ok,0.0
1082,2026-10-01T17:12:16+00:00,ok,19.23
1083,2026-10-01T17:12:16+00:00,ok,0.0
1084,2026-10-01T17:12:16+00:00,ok,27.66
1085,2026-10-01T17:12:16+00:00,ok,22.86
1086,2026-10-01T17:12:16+00:00,ok,0.0
1087,2026-10-01T17:12:16+00:00,ok,0.0
1088,2026-10-01T17:12:16+00:00,ok,0.0
1089,2026-10-01T17:12:16+00:00,ok,0.0
1090,2026-10-01T17:12:16+00:00,no coverage,
1091,2026-10-01T17:12:16+00:00,no coverage,
1092,2026-10-01T17:12:16+00:00,no coverage,
1093,2026-10-01T17:12:16+00:00,no coverage,
1094,2026-10-01T17:12:16+00:00,no coverage,
1095,2026-10-01T17:12:16+00:00,no coverage,
1096,2026-10-01T17:12:16+00:00,ok,0.0
1097,2026-10-01T17:12:16+00:00,ok,0.0
1098,2026-10-01T17:12:16+00:00,ok,0.0
1099,2026-10-01T17:12:16+00:00,ok,0.0
1100,2026-10-01T17:12:16+00:00,ok,0.0
1101,2026-10-01T17:12:16+00:00,ok,0.0
1102,2026-10-01T17:12:16+00:00,ok,0.0
1103,2026-10-01T17:12:16+00:00,ok,15.73
1104,2026-10-01T17:12:16+00:00,ok,33.8
1105,2026-10-01T17:12:16+00:00,ok,0.0
1106,2026-10-01T17:12:16+00:00,ok,28.57
1107,2026-10-01T17:12:16+00:00,ok,21.95
1115,2026-10-01T17:12:16+00:00,no coverage,
1116,2026-10-01T17:12:16+00:00,no coverage,
1117,2026-10-01T17:12:16+00:00,no coverage,
1118,2026-10-01T17:12:16+00:00,no coverage,
1119,2026-10-01T17:12:16+00:00,no coverage,
1120,2026-10-01T17:12:16+00:00,no coverage,
1121,2026-10-01T17:12:16+00:00,no coverage,
1122,2026-10-01T17:12:16+00:00,no coverage,
1123,2026-10-01T17:12:16+00:00,no coverage,
1124,2026-10-01T17:12:16+00:00,no coverage,
1125,2026-10-01T17:12:16+00:00,no coverage,
1126,2026-10-01T17:12:16+00:00,no coverage,
1127,2026-10-01T17:12:16+00:00,no coverage,
1128,2026-10-01T17:12:16+00:00,no coverage,
1129,2026-10-01T17:12:16+00:00,no coverage,
1130,2026-10-01T17:12:16+00:00,no coverage,
1131,2026-10-01T17:12:16+00:00,no coverage,
1132,2026-10-01T17:12:16+00:00,no coverage,
1133,2026-10-01T17:12:16+00:00,no coverage,
1135,2026-10-01T17:12:16+00:00,no coverage,
1136,2026-10-01T17:12:16+00:00,no coverage,
1137,2026-10-01T17:12:16+00:00,no coverage,
1138,2026-10-01T17:12:16+00:00,no coverage,
1139,2026-10-01T17:12:16+00:00,no coverage,
1141,2026-10-01T17:12:16+00:00,no coverage,
1142,2026-10-01T17:12:16+00:00,no coverage,
1143,2026-10-01T17:12:16+00:00,no coverage,
1144,2026-10-01T17:12:16+00:00,no coverage,
1145,2026-10-01T17:12:16+00:00,no coverage,
1146,2026-10-01T17:12:16+00:00,no coverage,
1147,2026-10-01T17:12:16+00:00,no coverage,
1148,2026-10-01T17:12:16+00:00,no coverage,
1149,2026-10-01T17:12:16+00:00,no coverage,
1152,2026-10-01T17:12:16+00:00,ok,0.0
1155,2026-10-01T17:12:16+00:00,ok,0.0
1157,2026-10-01T17:12:16+00:00,no coverage,
1158,2026-10-01T17:12:16+00:00,no coverage,
1159,2026-10-01T17:12:16+00:00,no coverage,
1160,2026-10-01T17:12:16+00:00,no coverage,
1161,2026-10-01T17:12:16+00:00,no coverage,
1162,2026-10-01T17:12:16+00:00,no coverage,
1163,2026-10-01T17:12:16+00:00,no coverage,
1166,2026-10-01T17:12:16+00:00,no coverage,
1167,2026-10-01T17:12:16+00:00,no coverage,
1168,2026-10-01T17:12:16+00:00,no coverage,
1169,2026-10-01T17:12:16+00:00,no coverage,
1170,2026-10-01T17:12:16+00:00,no coverage,
1171,2026-10-01T17:12:16+00:00,no coverage,
1172,2026-10-01T17:12:16+00:00,no coverage,
1173,2026-10-01T17:12:16+00:00,no coverage,
1175,2026-10-01T17:12:16+00:00,no coverage,
1176,2026-10-01T17:12:16+00:00,no coverage,
1177,2026-10-01T17:12:16+00:00,no coverage,
1178,2026-10-01T17:12:16+00:00,no coverage,
1179,2026-10-01T17:12:16+00:00,no coverage,
1185,2026-10-01T17:12:16+00:00,no coverage,
1186,2026-10-01T17:12:16+00:00,no coverage,
1187,2026-10-01T17:12:16+00:00,no coverage,
1188,2026-10-01T17:12:16+00:00,no coverage,
1189,2026-10-01T17:12:16+00:00,no coverage,
1190,2026-10-01T17:12:16+00:00,no coverage,
1191,2026-10-01T17:12:16+00:00,no coverage,
1192,2026-10-01T17:12:16+00:00,no coverage,
1193,2026-10-01T17:12:16+00:00,no coverage,
1194,2026-10-01T17:12:16+00:00,no coverage,
1195,2026-10-01T17:12:16+00:00,no coverage,
1196,2026-10-01T17:12:16+00:00,no coverage,
1197,2026-10-01T17:12:16+00:00,no coverage,
1198,2026-10-01T17:12:16+00:00,no coverage,
1199,2026-10-01T17:12:16+00:00,no coverage,
1202,2026-10-01T17:12:16+00:00,no coverage,
1203,2026-10-01T17:12:16+00:00,no coverage,
1205,2026-10-01T17:12:16+00:00,no coverage,
1206,2026-10-01T17:12:16+00:00,no coverage,
1207,2026-10-01T17:12:16+00:00,no coverage,
1208,2026-10-01T17:12:16+00:00,no coverage,
1209,2026-10-01T17:12:16+00:00,no coverage,
1210,2026-10-01T17:12:16+00:00,no coverage,
1211,2026-10-01T17:12:16+00:00,no coverage,
1212,2026-10-01T17:12:16+00:00,no coverage,
1213,2026-10-01T17:12:16+00:00,no coverage,
1214,2026-10-01T17:12:16+00:00,no coverage,
1215,2026-10-01T17:12:16+00:00,no coverage,
1216,2026-10-01T17:12:16+00:00,no coverage,
1217,2026-10-01T17:12:16+00:00,no coverage,
1218,2026-10-01T17:12:16+00:00,no coverage,
1219,2026-10-01T17:12:16+00:00,no coverage,
1220,2026-10-01T17:12:16+00:00,no coverage,
1221,2026-10-01T17:12:16+00:00,no coverage,
1222,2026-10-01T17:12:16+00:00,no coverage,
1223,2026-10-01T17:12:16+00:00,no coverage,
1224,2026-10-01T17:12:16+00:00,no coverage,
1225,2026-10-01T17:12:16+00:00,no coverage,
1226,2026-10-01T17:12:16+00:00,no coverage,
1227,2026-10-01T17:12:16+00:00,no coverage,
1228,2026-10-01T17:12:16+00:00,no coverage,
1229,2026-10-01T17:12:16+00:00,no coverage,
1230,2026-10-01T17:12:16+00:00,no coverage,
1231,2026-10-01T17:12:16+00:00,no coverage,
1232,2026-10-01T17:12:16+00:00,no coverage,
1233,2026-10-01T17:12:16+00:00,no coverage,
1234,2026-10-01T17:12:16+00:00,no coverage,
1235,2026-10-01T17:12:16+00:00,no coverage,
1236,2026-10-01T17:12:16+00:00,no coverage,
1237,2026-10-01T17:12:16+00:00,no coverage,
1238,2026-10-01T17:12:16+00:00,no coverage,
1239,2026-10-01T17:12:16+00:00,no coverage,
1240,2026-10-01T17:12:16+00:00,no coverage,
1241,2026-10-01T17:12:16+00:00,no coverage,
1242,2026-10-01T17:12:16+00:00,no coverage,
1243,2026-10-01T17:12:16+00:00,no coverage,
1244,2026-10-01T17:12:16+00:00,no coverage,
1245,2026-10-01T17:12:16+00:00,no coverage,
1246,2026-10-01T17:12:16+00:00,no coverage,
1247,2026-10-01T17:12:16+00:00,no coverage,
1248,2026-10-01T17:12:16+00:00,no coverage,
1249,2026-10-01T17:12:16+00:00,no coverage,
1250,2026-10-01T17:12:16+00:00,no coverage,
1251,2026-10-01T17:12:16+00:00,no coverage,
1252,2026-10-01T17:12:16+00:00,no coverage,
1253,2026-10-01T17:12:16+00:00,no coverage,
1254,2026-10-01T17:12:16+00:00,no coverage,
1255,2026-10-01T17:12:16+00:00,no coverage,
1256,2026-10-01T17:12:16+00:00,no coverage,
1257,2026-10-01T17:12:16+00:00,no coverage,
1258,2026-10-01T17:12:16+00:00,no coverage,
1259,2026-10-01T17:12:16+00:00,no coverage,
1265,2026-10-01T17:12:16+00:00,ok,0.0
1267,2026-10-01T17:12:16+00:00,ok,0.0
1268,2026-10-01T17:12:16+00:00,ok,0.0
1269,2026-10-01T17:12:16+00:00,ok,0.0
1270,2026-10-01T17:12:16+00:00,ok,16.13
1271,2026-10-01T17:12:16+00:00,ok,0.0
1272,2026-10-01T17:12:16+00:00,ok,0.0
1273,2026-10-01T17:12:16+00:00,ok,0.0
1274,2026-10-01T17:12:16+00:00,ok,0.0
1275,2026-10-01T17:12:16+00:00,ok,0.0
1277,2026-10-01T17:12:16+00:00,ok,0.0
1278,2026-10-01T17:12:16+00:00,no coverage,
1279,2026-10-01T17:12:16+00:00,ok,0.0
1280,2026-10-01T17:12:16+00:00,ok,0.0
1281,2026-10-01T17:12:16+00:00,ok,0.0
1282,2026-10-01T17:12:16+00:00,ok,0.0
1283,2026-10-01T17:12:16+00:00,ok,17.65
1284,2026-10-01T17:12:16+00:00,no coverage,
1285,2026-10-01T17:12:16+00:00,no coverage,
1286,2026-10-01T17:12:16+00:00,no coverage,
1287,2026-10-01T17:12:16+00:00,no coverage,
1288,2026-10-01T17:12:16+00:00,no coverage,
1289,2026-10-01T17:12:16+00:00,no coverage,
1290,2026-10-01T17:12:16+00:00,ok,0.0
1291,2026-10-01T17:12:16+00:00,no coverage,
1292,2026-10-01T17:12:16+00:00,no coverage,
1293,2026-10-01T17:12:16+00:00,no coverage,
1294,2026-10-01T17:12:16+00:00,no coverage,
1295,2026-10-01T17:12:16+00:00,no coverage,
1296,2026-10-01T17:12:16+00:00,no coverage,
1297,2026-10-01T17:12:16+00:00,no coverage,
1298,2026-10-01T17:12:16+00:00,no coverage,
1299,2026-10-01T17:12:16+00:00,no coverage,
1300,2026-10-01T17:12:16+00:00,no coverage,
1301,2026-10-01T17:12:16+00:00,no coverage,
1302,2026-10-01T17:12:16+00:00,no coverage,
1303,2026-10-01T17:12:16+00:00,no coverage,
1304,2026-10-01T17:12:16+00:00,no coverage,
1305,2026-10-01T17:12:16+00:00,no coverage,
1306,2026-10-01T17:12:16+00:00,no coverage,
1307,2026-10-01T17:12:16+00:00,no coverage,
1308,2026-10-01T17:12:16+00:00,no coverage,
1309,2026-10-01T17:12:16+00:00,no coverage,
1310,2026-10-01T17:12:16+00:00,no coverage,
1311,2026-10-01T17:12:16+00:00,no coverage,
1312,2026-10-01T17:12:16+00:00,no coverage,
1313,2026-10-01T17:12:16+00:00,no coverage,
1314,2026-10-01T17:12:16+00:00,no coverage,
1315,2026-10-01T17:12:16+00:00,no coverage,
1316,2026-10-01T17:12:16+00:00,no coverage,
1317,2026-10-01T17:12:16+00:00,no coverage,
1318,2026-10-01T17:12:16+00:00,no coverage,
1319,2026-10-01T17:12:16+00:00,no coverage,
1320,2026-10-01T17:12:16+00:00,no coverage,
1321,2026-10-01T17:12:16+00:00,no coverage,
1322,2026-10-01T17:12:16+00:00,no coverage,
1323,2026-10-01T17:12:16+00:00,no coverage,
1324,2026-10-01T17:12:16+00:00,no coverage,
1325,2026-10-01T17:12:16+00:00,ok,0.0
1326,2026-10-01T17:12:16+00:00,ok,17.14
1327,2026-10-01T17:12:16+00:00,ok,0.0
1328,2026-10-01T17:12:16+00:00,no coverage,
1329,2026-10-01T17:12:16+00:00,no coverage,
1330,2026-10-01T17:12:16+00:00,ok,0.0
1331,2026-10-01T17:12:16+00:00,ok,0.0
1332,2026-10-01T17:12:16+00:00,ok,0.0
1333,2026-10-01T17:12:16+00:00,ok,0.0
1334,2026-10-01T17:12:16+00:00,ok,11.9
1335,2026-10-01T17:12:16+00:00,ok,30.0
1336,2026-10-01T17:12:16+00:00,ok,0.0
1337,2026-10-01T17:12:16+00:00,ok,28.21
1338,2026-10-01T17:12:16+00:00,ok,0.0
1339,2026-10-01T17:12:16+00:00,ok,0.0
1340,2026-10-01T17:12:16+00:00,ok,0.0
1341,2026-10-01T17:12:16+00:00,ok,0.0
1342,2026-10-01T17:12:16+00:00,ok,0.0
1343,2026-10-01T17:12:16+00:00,ok,35.29
1344,2026-10-01T17:12:16+00:00,ok,0.0
1345,2026-10-01T17:12:16+00:00,ok,0.0
1346,2026-10-01T17:12:16+00:00,ok,0.0
1347,2026-10-01T17:12:16+00:00,no coverage,
1348,2026-10-01T17:12:16+00:00,no coverage,
1349,2026-10-01T17:12:16+00:00,no coverage,
1350,2026-10-01T17:12:16+00:00,no coverage,
1351,2026-10-01T17:12:16+00:00,no coverage,
1352,2026-10-01T17:12:16+00:00,no coverage,
1353,2026-10-01T17:12:16+00:00,no coverage,
1354,2026-10-01T17:12:16+00:00,no coverage,
1355,2026-10-01T17:12:16+00:00,no coverage,
1358,2026-10-01T17:12:16+00:00,no coverage,
1359,2026-10-01T17:12:16+00:00,no coverage,
1362,2026-10-01T17:12:16+00:00,ok,0.0
1370,2026-10-01T17:12:16+00:00,no coverage,
1373,2026-10-01T17:12:16+00:00,no coverage,
1381,2026-10-01T17:12:16+00:00,ok,0.0
1382,2026-10-01T17:12:16+00:00,ok,0.0
1383,2026-10-01T17:12:16+00:00,ok,0.0
1384,2026-10-01T17:12:16+00:00,ok,0.0
1385,2026-10-01T17:12:16+00:00,ok,0.0
1386,2026-10-01T17:12:16+00:00,ok,0.0
1387,2026-10-01T17:12:16+00:00,ok,29.73
1388,2026-10-01T17:12:16+00:00,no coverage,
1389,2026-10-01T17:12:16+00:00,no coverage,
1390,2026-10-01T17:12:16+00:00,no coverage,
1391,2026-10-01T17:12:16+00:00,no coverage,
1392,2026-10-01T17:12:16+00:00,no coverage,
1393,2026-10-01T17:12:16+00:00,no coverage,
1394,2026-10-01T17:12:16+00:00,no coverage,
1395,2026-10-01T17:12:16+00:00,ok,0.0
1396,2026-10-01T17:12:16+00:00,ok,0.0
1397,2026-10-01T17:12:16+00:00,ok,0.0
1399,2026-10-01T17:12:16+00:00,ok,0.0
1401,2026-10-01T17:12:16+00:00,ok,0.0
1402,2026-10-01T17:12:16+00:00,ok,0.0
1403,2026-10-01T17:12:16+00:00,ok,0.0
1404,2026-10-01T17:12:16+00:00,ok,0.0
1405,2026-10-01T17:12:16+00:00,ok,0.0
1406,2026-10-01T17:12:16+00:00,ok,0.0
1409,2026-10-01T17:12:16+00:00,ok,8.2
1410,2026-10-01T17:12:16+00:00,ok,0.0
1411,2026-10-01T17:12:16+00:00,ok,24.64
1414,2026-10-01T17:12:16+00:00,ok,0.0
1415,2026-10-01T17:12:16+00:00,ok,0.0
1416,2026-10-01T17:12:16+00:00,ok,0.0
1417,2026-10-01T17:12:16+00:00,ok,17.65
1418,2026-10-01T17:12:16+00:00,ok,0.0
1419,2026-10-01T17:12:16+00:00,ok,0.0
1420,2026-10-01T17:12:16+00:00,no coverage,
1421,2026-10-01T17:12:16+00:00,ok,0.0
1422,2026-10-01T17:12:16+00:00,ok,0.0
1423,2026-10-01T17:12:16+00:00,ok,0.0
1424,2026-10-01T17:12:16+00:00,ok,0.0
1425,2026-10-01T17:12:16+00:00,ok,32.56
1426,2026-10-01T17:12:16+00:00,ok,0.0
1427,2026-10-01T17:12:16+00:00,ok,0.0
1428,2026-10-01T17:12:16+00:00,ok,0.0
1429,2026-10-01T17:12:16+00:00,ok,0.0
1432,2026-10-01T17:12:16+00:00,ok,16.88
1433,2026-10-01T17:12:16+00:00,ok,0.0
1434,2026-10-01T17:12:16+00:00,ok,0.0
1435,2026-10-01T17:12:16+00:00,ok,17.95
1436,2026-10-01T17:12:16+00:00,ok,0.0
1437,2026-10-01T17:12:16+00:00,ok,0.0
1438,2026-10-01T17:12:16+00:00,ok,0.0
1439,2026-10-01T17:12:16+00:00,ok,0.0
1440,2026-10-01T17:12:16+00:00,ok,0.0
1441,2026-10-01T17:12:16+00:00,ok,0.0
1442,2026-10-01T17:12:16+00:00,ok,25.64
1443,2026-10-01T17:12:16+00:00,ok,0.0
1444,2026-10-01T17:12:16+00:00,ok,0.0
1445,2026-10-01T17:12:16+00:00,ok,0.0
1446,2026-10-01T17:12:16+00:00,ok,0.0
1447,2026-10-01T17:12:16+00:00,ok,0.0
1448,2026-10-01T17:12:16+00:00,ok,38.3
1449,2026-10-01T17:12:16+00:00,ok,0.0
1450,2026-10-01T17:12:16+00:00,ok,11.11
1451,2026-10-01T17:12:16+00:00,ok,17.78
1452,2026-10-01T17:12:16+00:00,ok,42.22
1453,2026-10-01T17:12:16+00:00,ok,15.0
1454,2026-10-01T17:12:16+00:00,ok,11.43
1455,2026-10-01T17:12:16+00:00,ok,0.0
1456,2026-10-01T17:12:16+00:00,ok,39.29
1457,2026-10-01T17:12:16+00:00,ok,0.0
1459,2026-10-01T17:12:16+00:00,ok,28.0
1461,2026-10-01T17:12:16+00:00,ok,13.33
1462,2026-10-01T17:12:16+00:00,no coverage,
1465,2026-10-01T17:12:16+00:00,ok,0.0
1466,2026-10-01T17:12:16+00:00,ok,0.0
1467,2026-10-01T17:12:16+00:00,ok,0.0
1468,2026-10-01T17:12:16+00:00,ok,0.0
1469,2026-10-01T17:12:16+00:00,ok,0.0
1471,2026-10-01T17:12:16+00:00,ok,0.0
1472,2026-10-01T17:12:16+00:00,ok,0.0
1476,2026-10-01T17:12:16+00:00,ok,54.84
1479,2026-10-01T17:12:16+00:00,ok,20.83
1480,2026-10-01T17:12:16+00:00,ok,0.0
1481,2026-10-01T17:12:16+00:00,ok,0.0
1482,2026-10-01T17:12:16+00:00,ok,0.0
1483,2026-10-01T17:12:16+00:00,ok,10.67
1484,2026-10-01T17:12:16+00:00,ok,0.0
1485,2026-10-01T17:12:16+00:00,ok,0.0
1486,2026-10-01T17:12:16+00:00,ok,26.67
1488,2026-10-01T17:12:16+00:00,ok,0.0
1489,2026-10-01T17:12:16+00:00,ok,0.0
1491,2026-10-01T17:12:16+00:00,ok,0.0
1492,2026-10-01T17:12:16+00:00,ok,0.0
1493,2026-10-01T17:12:16+00:00,ok,0.0
1494,2026-10-01T17:12:16+00:00,ok,0.0
1495,2026-10-01T17:12:16+00:00,ok,13.04
1496,2026-10-01T17:12:16+00:00,ok,0.0
1498,2026-10-01T17:12:16+00:00,ok,32.14
1499,2026-10-01T17:12:16+00:00,ok,0.0
1501,2026-10-01T17:12:16+00:00,ok,0.0
1502,2026-10-01T17:12:16+00:00,ok,0.0
1503,2026-10-01T17:12:16+00:00,ok,0.0
1504,2026-10-01T17:12:16+00:00,ok,0.0
1505,2026-10-01T17:12:16+00:00,ok,0.0
1506,2026-10-01T17:12:16+00:00,ok,0.0
1507,2026-10-01T17:12:16+00:00,ok,0.0
1508,2026-10-01T17:12:16+00:00,ok,0.0
1509,2026-10-01T17:12:16+00:00,ok,18.6
1510,2026-10-01T17:12:16+00:00,ok,1.72
1511,2026-10-01T17:12:16+00:00,ok,5.36
1512,2026-10-01T17:12:16+00:00,ok,1.72
1513,2026-10-01T17:12:16+00:00,ok,11.43
1514,2026-10-01T17:12:16+00:00,ok,0.0
1515,2026-10-01T17:12:16+00:00,ok,0.0
1516,2026-10-01T17:12:16+00:00,ok,0.0
1517,2026-10-01T17:12:16+00:00,ok,0.0
1518,2026-10-01T17:12:16+00:00,ok,0.0
1519,2026-10-01T17:12:16+00:00,ok,0.0
1520,2026-10-01T17:12:16+00:00,ok,0.0
1521,2026-10-01T17:12:16+00:00,ok,17.86
1522,2026-10-01T17:12:16+00:00,ok,0.0
1523,2026-10-01T17:12:16+00:00,ok,0.0
1524,2026-10-01T17:12:16+00:00,ok,0.0
1525,2026-10-01T17:12:16+00:00,ok,35.0
1526,2026-10-01T17:12:16+00:00,ok,0.0
1528,2026-10-01T17:12:16+00:00,ok,0.0
1529,2026-10-01T17:12:16+00:00,ok,0.0
1531,2026-10-01T17:12:16+00:00,ok,0.0
1532,2026-10-01T17:12:16+00:00,ok,0.0
1534,2026-10-01T17:12:16+00:00,ok,0.0
1537,2026-10-01T17:12:16+00:00,ok,0.0
1542,2026-10-01T17:12:16+00:00,ok,25.71
1544,2026-10-01T17:12:16+00:00,ok,24.0
1545,2026-10-01T17:12:16+00:00,ok,0.0
1546,2026-10-01T17:12:16+00:00,ok,0.0
1547,2026-10-01T17:12:16+00:00,ok,45.83
1548,2026-10-01T17:12:16+00:00,ok,0.0
1549,2026-10-01T17:12:16+00:00,ok,0.0
1550,2026-10-01T17:12:16+00:00,ok,0.0
1551,2026-10-01T17:12:16+00:00,ok,0.0
1552,2026-10-01T17:12:16+00:00,ok,0.0
1553,2026-10-01T17:12:16+00:00,ok,0.0
1554,2026-10-01T17:12:16+00:00,ok,0.0
1555,2026-10-01T17:12:16+00:00,ok,0.0
1557,2026-10-01T17:12:16+00:00,ok,0.0
1558,2026-10-01T17:12:16+00:00,ok,32.08
1559,2026-10-01T17:12:16+00:00,ok,0.0
1560,2026-10-01T17:12:16+00:00,ok,0.0
1563,2026-10-01T17:12:16+00:00,ok,11.11
1566,2026-10-01T17:12:16+00:00,ok,20.37
1567,2026-10-01T17:12:16+00:00,ok,0.0
1568,2026-10-01T17:12:16+00:00,ok,0.0
1569,2026-10-01T17:12:16+00:00,ok,50.0
1570,2026-10-01T17:12:16+00:00,ok,11.67
1572,2026-10-01T17:12:16+00:00,ok,0.0
1573,2026-10-01T17:12:16+00:00,ok,0.0
1574,2026-10-01T17:12:16+00:00,ok,0.0
1576,2026-10-01T17:12:16+00:00,ok,14.71
1577,2026-10-01T17:12:16+00:00,ok,50.0
1578,2026-10-01T17:12:16+00:00,ok,12.9
1579,2026-10-01T17:12:16+00:00,ok,0.0
1580,2026-10-01T17:12:16+00:00,ok,0.0
1582,2026-10-01T17:12:16+00:00,ok,0.0
1583,2026-10-01T17:12:16+00:00,ok,26.67
1584,2026-10-01T17:12:16+00:00,ok,0.0
1585,2026-10-01T17:12:16+00:00,ok,30.3
1593,2026-10-01T17:12:16+00:00,ok,0.0
1594,2026-10-01T17:12:16+00:00,no coverage,
1595,2026-10-01T17:12:16+00:00,no coverage,
1598,2026-10-01T17:12:16+00:00,ok,35.14
1599,2026-10-01T17:12:16+00:00,ok,0.0
1600,2026-10-01T17:12:16+00:00,ok,0.0
1601,2026-10-01T17:12:16+00:00,ok,0.0
1602,2026-10-01T17:12:16+00:00,ok,40.91
1603,2026-10-01T17:12:16+00:00,ok,0.0
1604,2026-10-01T17:12:16+00:00,ok,0.0
1605,2026-10-01T17:12:16+00:00,ok,0.0
1606,2026-10-01T17:12:16+00:00,ok,0.0
1607,2026-10-01T17:12:16+00:00,ok,23.81
1608,2026-10-01T17:12:16+00:00,ok,0.0
1609,2026-10-01T17:12:16+00:00,ok,19.61
1613,2026-10-01T17:12:16+00:00,ok,0.0
1614,2026-10-01T17:12:16+00:00,ok,16.0
1616,2026-10-01T17:12:16+00:00,ok,0.0
1617,2026-10-01T17:12:16+00:00,ok,0.0
1627,2026-10-01T17:12:16+00:00,ok,0.0
1635,2026-10-01T17:12:16+00:00,ok,0.0
1636,2026-10-01T17:12:16+00:00,ok,0.0
1637,2026-10-01T17:12:16+00:00,ok,0.0
1638,2026-10-01T17:12:16+00:00,ok,0.0
1639,2026-10-01T17:12:16+00:00,ok,0.0
1640,2026-10-01T17:12:16+00:00,ok,19.23
1641,2026-10-01T17:12:16+00:00,ok,0.0
1642,2026-10-01T17:12:16+00:00,ok,0.0
1643,2026-10-01T17:12:16+00:00,ok,15.79
1644,2026-10-01T17:12:16+00:00,ok,0.0
1645,2026-10-01T17:12:16+00:00,ok,28.07
1646,2026-10-01T17:12:16+00:00,ok,39.13
1647,2026-10-01T17:12:16+00:00,ok,0.0
1648,2026-10-01T17:12:16+00:00,ok,0.0
1649,2026-10-01T17:12:16+00:00,ok,0.0
1650,2026-10-01T17:12:16+00:00,ok,0.0
1651,2026-10-01T17:12:16+00:00,ok,0.0
1652,2026-10-01T17:12:16+00:00,ok,55.93
1653,2026-10-01T17:12:16+00:00,ok,0.0
1654,2026-10-01T17:12:16+00:00,ok,0.0
1658,2026-10-01T17:12:16+00:00,ok,7.41
1669,2026-10-01T17:12:16+00:00,ok,0.0
1670,2026-10-01T17:12:16+00:00,ok,0.0
1671,2026-10-01T17:12:16+00:00,ok,0.0
1672,2026-10-01T17:12:16+00:00,ok,0.0
1673,2026-10-01T17:12:16+00:00,ok,0.0
1674,2026-10-01T17:12:16+00:00,ok,0.0
1675,2026-10-01T17:12:16+00:00,ok,18.6
1676,2026-10-01T17:12:16+00:00,ok,36.36
1677,2026-10-01T17:12:16+00:00,ok,0.0
1678,2026-10-01T17:12:16+00:00,ok,0.0
1679,2026-10-01T17:12:16+00:00,ok,0.0
1680,2026-10-01T17:12:16+00:00,ok,0.0
1682,2026-10-01T17:12:16+00:00,ok,37.5
1683,2026-10-01T17:12:16+00:00,ok,8.33
1684,2026-10-01T17:12:16+00:00,ok,0.0
1686,2026-10-01T17:12:16+00:00,ok,13.33
1692,2026-10-01T17:12:16+00:00,ok,0.0
1694,2026-10-01T17:12:16+00:00,ok,13.79
1695,2026-10-01T17:12:16+00:00,ok,0.0
1696,2026-10-01T17:12:16+00:00,ok,0.0
1697,2026-10-01T17:12:16+00:00,ok,17.07
1698,2026-10-01T17:12:16+00:00,ok,13.79
1699,2026-10-01T17:12:16+00:00,ok,22.73
1700,2026-10-01T17:12:16+00:00,ok,36.11
1701,2026-10-01T17:12:16+00:00,ok,34.78
1702,2026-10-01T17:12:16+00:00,ok,0.0
1703,2026-10-01T17:12:16+00:00,ok,27.91
1704,2026-10-01T17:12:16+00:00,ok,0.0
1705,2026-10-01T17:12:16+00:00,ok,21.15
1706,2026-10-01T17:12:16+00:00,ok,0.0
1707,2026-10-01T17:12:16+00:00,ok,0.0
1708,2026-10-01T17:12:16+00:00,ok,0.0
1709,2026-10-01T17:12:16+00:00,ok,0.0
1710,2026-10-01T17:12:16+00:00,ok,0.0
1711,2026-10-01T17:12:16+00:00,ok,16.13
1712,2026-10-01T17:12:16+00:00,ok,0.0
1713,2026-10-01T17:12:16+00:00,ok,0.0
1715,2026-10-01T17:12:16+00:00,ok,0.0
1716,2026-10-01T17:12:16+00:00,ok,32.26
1717,2026-10-01T17:12:16+00:00,ok,0.0
1718,2026-10-01T17:12:16+00:00,ok,25.0
1719,2026-10-01T17:12:16+00:00,ok,0.0
1720,2026-10-01T17:12:16+00:00,ok,15.62
1721,2026-10-01T17:12:16+00:00,ok,0.0
1722,2026-10-01T17:12:16+00:00,ok,37.84
1723,2026-10-01T17:12:16+00:00,ok,11.11
1724,2026-10-01T17:12:16+00:00,ok,0.0
1725,2026-10-01T17:12:16+00:00,ok,0.0
1726,2026-10-01T17:12:16+00:00,ok,0.0
1729,2026-10-01T17:12:16+00:00,ok,0.0
1730,2026-10-01T17:12:16+00:00,ok,0.0
1731,2026-10-01T17:12:16+00:00,ok,0.0
1734,2026-10-01T17:12:16+00:00,ok,0.0
1735,2026-10-01T17:12:16+00:00,ok,1.22
1736,2026-10-01T17:12:16+00:00,ok,0.0
1738,2026-10-01T17:12:16+00:00,ok,0.0
1741,2026-10-01T17:12:16+00:00,ok,0.0
1742,2026-10-01T17:12:16+00:00,ok,0.0
1743,2026-10-01T17:12:16+00:00,ok,33.33
1744,2026-10-01T17:12:16+00:00,ok,44.44
1746,2026-10-01T17:12:16+00:00,no coverage,
1747,2026-10-01T17:12:16+00:00,no coverage,
1748,2026-10-01T17:12:16+00:00,no coverage,
1749,2026-10-01T17:12:16+00:00,no coverage,
1750,2026-10-01T17:12:16+00:00,no coverage,
1751,2026-10-01T17:12:16+00:00,no coverage,
1752,2026-10-01T17:12:16+00:00,no coverage,
1753,2026-10-01T17:12:16+00:00,no coverage,
1754,2026-10-01T17:12:16+00:00,no coverage,
1755,2026-10-01T17:12:16+00:00,ok,0.0
1756,2026-10-01T17:12:16+00:00,ok,0.0
1761,2026-10-01T17:12:16+00:00,ok,0.0
1762,2026-10-01T17:12:16+00:00,ok,0.0
1763,2026-10-01T17:12:16+00:00,ok,0.0
1764,2026-10-01T17:12:16+00:00,ok,0.0
1766,2026-10-01T17:12:16+00:00,ok,0.0
1767,2026-10-01T17:12:16+00:00,ok,0.0
1769,2026-10-01T17:12:16+00:00,ok,0.0
1770,2026-10-01T17:12:16+00:00,ok,0.0
1773,2026-10-01T17:12:16+00:00,ok,30.77
1793,2026-10-01T17:12:16+00:00,ok,0.0
1796,2026-10-01T17:12:16+00:00,ok,0.0
1798,2026-10-01T17:12:16+00:00,ok,0.0
1825,2026-10-01T17:12:16+00:00,no coverage,
1826,2026-10-01T17:12:16+00:00,ok,0.0
1828,2026-10-01T17:12:16+00:00,ok,0.0
1829,2026-10-01T17:12:16+00:00,ok,0.0
1831,2026-10-01T17:12:16+00:00,ok,0.0
1832,2026-10-01T17:12:16+00:00,ok,0.0
1833,2026-10-01T17:12:16+00:00,ok,0.0
1840,2026-10-01T17:12:16+00:00,ok,0.0
1841,2026-10-01T17:12:16+00:00,ok,0.0
1846,2026-10-01T17:12:16+00:00,ok,0.0
1848,2026-10-01T17:12:16+00:00,ok,0.0
1849,2026-10-01T17:12:16+00:00,ok,20.0
1850,2026-10-01T17:12:16+00:00,ok,0.0
1851,2026-10-01T17:12:16+00:00,ok,26.67
1853,2026-10-01T17:12:16+00:00,ok,0.0
1854,2026-10-01T17:12:16+00:00,ok,0.0
1855,2026-10-01T17:12:16+00:00,ok,27.59
1860,2026-10-01T17:12:16+00:00,ok,29.09
1862,2026-10-01T17:12:16+00:00,ok,22.73
1864,2026-10-01T17:12:16+00:00,ok,0.0
1865,2026-10-01T17:12:16+00:00,ok,0.0
1866,2026-10-01T17:12:16+00:00,ok,0.0
1868,2026-10-01T17:12:16+00:00,ok,44.44
1869,2026-10-01T17:12:16+00:00,ok,0.0
1870,2026-10-01T17:12:16+00:00,ok,0.0
1871,2026-10-01T17:12:16+00:00,ok,25.0
1872,2026-10-01T17:12:16+00:00,ok,21.05
1873,2026-10-01T17:12:16+00:00,ok,0.0
1874,2026-10-01T17:12:16+00:00,ok,8.33
1875,2026-10-01T17:12:16+00:00,ok,0.0
1876,2026-10-01T17:12:16+00:00,ok,0.0
1877,2026-10-01T17:12:16+00:00,ok,0.0
1878,2026-10-01T17:12:16+00:00,ok,0.0
1879,2026-10-01T17:12:16+00:00,ok,0.0
1880,2026-10-01T17:12:16+00:00,ok,0.0
1882,2026-10-01T17:12:16+00:00,ok,46.43
1883,2026-10-01T17:12:16+00:00,ok,0.0
1884,2026-10-01T17:12:16+00:00,ok,0.0
1885,2026-10-01T17:12:16+00:00,ok,0.0
1886,2026-10-01T17:12:16+00:00,ok,0.0
1887,2026-10-01T17:12:16+00:00,ok,0.0
1889,2026-10-01T17:12:16+00:00,ok,23.81
1891,2026-10-01T17:12:16+00:00,ok,0.0
1897,2026-10-01T17:12:16+00:00,ok,50.0
1898,2026-10-01T17:12:16+00:00,ok,25.0
1899,2026-10-01T17:12:16+00:00,no coverage,
1906,2026-10-01T17:12:16+00:00,ok,0.0
1907,2026-10-01T17:12:16+00:00,ok,0.0
1908,2026-10-01T17:12:16+00:00,ok,0.0
1909,2026-10-01T17:12:16+00:00,ok,0.0
1914,2026-10-01T17:12:16+00:00,ok,4.17
1915,2026-10-01T17:12:16+00:00,ok,0.0
1917,2026-10-01T17:12:16+00:00,ok,0.0
1918,2026-10-01T17:12:16+00:00,ok,0.0
1919,2026-10-01T17:12:16+00:00,ok,0.0
1920,2026-10-01T17:12:16+00:00,ok,0.0
1921,2026-10-01T17:12:16+00:00,ok,0.0
1922,2026-10-01T17:12:16+00:00,ok,0.0
1923,2026-10-01T17:12:16+00:00,ok,0.0
1925,2026-10-01T17:12:16+00:00,no coverage,
1926,2026-10-01T17:12:16+00:00,no coverage,
1927,2026-10-01T17:12:16+00:00,no coverage,
1928,2026-10-01T17:12:16+00:00,no coverage,
1929,2026-10-01T17:12:16+00:00,no coverage,
1932,2026-10-01T17:12:16+00:00,ok,0.0
1934,2026-10-01T17:12:16+00:00,ok,0.0
1935,2026-10-01T17:12:16+00:00,ok,0.0
1937,2026-10-01T17:12:16+00:00,ok,18.75
1941,2026-10-01T17:12:16+00:00,ok,0.0
1943,2026-10-01T17:12:16+00:00,ok,19.05
1944,2026-10-01T17:12:16+00:00,ok,0.0
1945,2026-10-01T17:12:16+00:00,ok,0.0
1949,2026-10-01T17:12:16+00:00,ok,0.0
1950,2026-10-01T17:12:16+00:00,ok,0.0
1951,2026-10-01T17:12:16+00:00,ok,0.0
1953,2026-10-01T17:12:16+00:00,ok,0.0
1956,2026-10-01T17:12:16+00:00,ok,11.29
1957,2026-10-01T17:12:16+00:00,ok,0.0
1960,2026-10-01T17:12:16+00:00,ok,0.0
1961,2026-10-01T17:12:16+00:00,ok,0.0
1962,2026-10-01T17:12:16+00:00,ok,0.0
1963,2026-10-01T17:12:16+00:00,ok,20.59
1964,2026-10-01T17:12:16+00:00,ok,0.0
1965,2026-10-01T17:12:16+00:00,ok,35.56
1966,2026-10-01T17:12:16+00:00,ok,18.87
1967,2026-10-01T17:12:16+00:00,ok,12.9
1968,2026-10-01T17:12:16+00:00,ok,0.0
1969,2026-10-01T17:12:16+00:00,ok,0.0
1970,2026-10-01T17:12:16+00:00,ok,0.0
1971,2026-10-01T17:12:16+00:00,ok,0.0
1972,2026-10-01T17:12:16+00:00,ok,17.39
1973,2026-10-01T17:12:16+00:00,ok,0.0
1977,2026-10-01T17:12:16+00:00,ok,0.0
1978,2026-10-01T17:12:16+00:00,ok,0.0
1979,2026-10-01T17:12:16+00:00,ok,0.0
1986,2026-10-01T17:12:16+00:00,ok,0.0
1989,2026-10-01T17:12:16+00:00,ok,0.0
1990,2026-10-01T17:12:16+00:00,ok,0.0
1991,2026-10-01T17:12:16+00:00,ok,0.0
1992,2026-10-01T17:12:16+00:00,ok,0.0
1993,2026-10-01T17:12:16+00:00,ok,0.0
1994,2026-10-01T17:12:16+00:00,ok,0.0
1995,2026-10-01T17:12:16+00:00,ok,0.0
1997,2026-10-01T17:12:16+00:00,ok,0.0
2017,2026-10-01T17:12:16+00:00,ok,0.0
2018,2026-10-01T17:12:16+00:00,ok,0.0
2020,2026-10-01T17:12:16+00:00,ok,0.0
2021,2026-10-01T17:12:16+00:00,ok,0.0
2022,2026-10-01T17:12:16+00:00,ok,0.0
2023,2026-10-01T17:12:16+00:00,ok,0.0
2024,2026-10-01T17:12:16+00:00,ok,0.0
2025,2026-10-01T17:12:16+00:00,ok,0.0
2026,2026-10-01T17:12:16+00:00,ok,0.0
2033,2026-10-01T17:12:16+00:00,ok,0.0
2035,2026-10-01T17:12:16+00:00,ok,11.11
2114,2026-10-01T17:12:16+00:00,ok,0.0
2116,2026-10-01T17:12:16+00:00,no coverage,
2117,2026-10-01T17:12:16+00:00,ok,0.0
2118,2026-10-01T17:12:16+00:00,ok,0.0
2119,2026-10-01T17:12:16+00:00,no coverage,
2120,2026-10-01T17:12:16+00:00,ok,0.0
2122,2026-10-01T17:12:16+00:00,ok,10.0
2123,2026-10-01T17:12:16+00:00,ok,0.0
2124,2026-10-01T17:12:16+00:00,ok,0.0
2125,2026-10-01T17:12:16+00:00,ok,0.0
2126,2026-10-01T17:12:16+00:00,ok,26.83
2127,2026-10-01T17:12:16+00:00,ok,50.0
2128,2026-10-01T17:12:16+00:00,ok,25.0
2129,2026-10-01T17:12:16+00:00,ok,0.0
2130,2026-10-01T17:12:16+00:00,ok,31.82
2131,2026-10-01T17:12:16+00:00,ok,0.0
2132,2026-10-01T17:12:16+00:00,ok,26.09
2133,2026-10-01T17:12:16+00:00,ok,0.0
2135,2026-10-01T17:12:16+00:00,ok,0.0
2136,2026-10-01T17:12:16+00:00,no coverage,
2137,2026-10-01T17:12:16+00:00,ok,18.18
2138,2026-10-01T17:12:16+00:00,ok,18.52
2139,2026-10-01T17:12:16+00:00,ok,0.0
2140,2026-10-01T17:12:16+00:00,ok,0.0
2141,2026-10-01T17:12:16+00:00,ok,41.67
2142,2026-10-01T17:12:16+00:00,ok,25.0
2143,2026-10-01T17:12:16+00:00,ok,16.22
2144,2026-10-01T17:12:16+00:00,ok,0.0
2145,2026-10-01T17:12:16+00:00,ok,0.0
2146,2026-10-01T17:12:16+00:00,ok,0.0
2147,2026-10-01T17:12:16+00:00,ok,0.0
2148,2026-10-01T17:12:16+00:00,ok,0.0
2149,2026-10-01T17:12:16+00:00,ok,19.44
2150,2026-10-01T17:12:16+00:00,ok,0.0
2151,2026-10-01T17:12:16+00:00,ok,0.0
2152,2026-10-01T17:12:16+00:00,ok,0.0
2153,2026-10-01T17:12:16+00:00,ok,0.0
2154,2026-10-01T17:12:16+00:00,ok,0.0
2155,2026-10-01T17:12:16+00:00,ok,0.0
2156,2026-10-01T17:12:16+00:00,ok,0.0
2157,2026-10-01T17:12:16+00:00,ok,0.0
2161,2026-10-01T17:12:16+00:00,ok,0.0
2162,2026-10-01T17:12:16+00:00,ok,21.74
2163,2026-10-01T17:12:16+00:00,ok,0.0
2164,2026-10-01T17:12:16+00:00,ok,0.0
2165,2026-10-01T17:12:16+00:00,ok,0.0
2166,2026-10-01T17:12:16+00:00,ok,0.0
2167,2026-10-01T17:12:16+00:00,ok,0.0
2168,2026-10-01T17:12:16+00:00,ok,0.0
2169,2026-10-01T17:12:16+00:00,ok,0.0
2170,2026-10-01T17:12:16+00:00,ok,29.03
2171,2026-10-01T17:12:16+00:00,ok,0.0
2172,2026-10-01T17:12:16+00:00,ok,0.0
2173,2026-10-01T17:12:16+00:00,ok,0.0
2174,2026-10-01T17:12:16+00:00,ok,21.88
2175,2026-10-01T17:12:16+00:00,ok,2.38
2178,2026-10-01T17:12:16+00:00,ok,0.0
2179,2026-10-01T17:12:16+00:00,ok,0.0
2180,2026-10-01T17:12:16+00:00,ok,0.0
2182,2026-10-01T17:12:16+00:00,ok,0.0
2183,2026-10-01T17:12:16+00:00,ok,0.0
2184,2026-10-01T17:12:16+00:00,ok,0.0
2185,2026-10-01T17:12:16+00:00,ok,1.85
2186,2026-10-01T17:12:16+00:00,ok,0.0
2187,2026-10-01T17:12:16+00:00,ok,0.0
2188,2026-10-01T17:12:16+00:00,ok,0.0
2189,2026-10-01T17:12:16+00:00,ok,11.48
2190,2026-10-01T17:12:16+00:00,ok,0.0
2191,2026-10-01T17:12:16+00:00,ok,0.0
2192,2026-10-01T17:12:16+00:00,ok,0.0
2193,2026-10-01T17:12:16+00:00,ok,0.0
2194,2026-10-01T17:12:16+00:00,ok,0.0
2195,2026-10-01T17:12:16+00:00,ok,0.0
2196,2026-10-01T17:12:16+00:00,ok,0.0
2197,2026-10-01T17:12:16+00:00,ok,0.0
2199,2026-10-01T17:12:16+00:00,ok,8.33
2200,2026-10-01T17:12:16+00:00,ok,0.0
2202,2026-10-01T17:12:16+00:00,ok,0.0
2207,2026-10-01T17:12:16+00:00,ok,28.89
2208,2026-10-01T17:12:16+00:00,ok,0.0
2209,2026-10-01T17:12:16+00:00,ok,0.0
2210,2026-10-01T17:12:16+00:00,ok,0.0
2211,2026-10-01T17:12:16+00:00,ok,0.0
2212,2026-10-01T17:12:16+00:00,ok,0.0
2213,2026-10-01T17:12:16+00:00,ok,0.0
2215,2026-10-01T17:12:16+00:00,ok,48.39
2216,2026-10-01T17:12:16+00:00,ok,0.0
2217,2026-10-01T17:12:16+00:00,ok,0.0
2218,2026-10-01T17:12:16+00:00,ok,0.0
2219,2026-10-01T17:12:16+00:00,ok,0.0
2220,2026-10-01T17:12:16+00:00,ok,28.57
2221,2026-10-01T17:12:16+00:00,ok,0.0
2222,2026-10-01T17:12:16+00:00,ok,0.0
2223,2026-10-01T17:12:16+00:00,ok,0.0
2224,2026-10-01T17:12:16+00:00,no coverage,
2225,2026-10-01T17:12:16+00:00,no coverage,
2226,2026-10-01T17:12:16+00:00,no coverage,
2227,2026-10-01T17:12:16+00:00,no coverage,
2232,2026-10-01T17:12:16+00:00,ok,0.0
2234,2026-10-01T17:12:16+00:00,ok,0.0
2239,2026-10-01T17:12:16+00:00,ok,65.22
2240,2026-10-01T17:12:16+00:00,ok,33.33
2241,2026-10-01T17:12:16+00:00,no coverage,
2242,2026-10-01T17:12:16+00:00,ok,0.0
2243,2026-10-01T17:12:16+00:00,no coverage,
2245,2026-10-01T17:12:16+00:00,ok,0.0
2246,2026-10-01T17:12:16+00:00,no coverage,
2247,2026-10-01T17:12:16+00:00,no coverage,
2248,2026-10-01T17:12:16+00:00,no coverage,
2249,2026-10-01T17:12:16+00:00,no coverage,
2250,2026-10-01T17:12:16+00:00,ok,0.0
2255,2026-10-01T17:12:16+00:00,ok,0.0
2263,2026-10-01T17:12:16+00:00,no coverage,
2264,2026-10-01T17:12:16+00:00,no coverage,
2265,2026-10-01T17:12:16+00:00,no coverage,
2266,2026-10-01T17:12:16+00:00,ok,0.0
2267,2026-10-01T17:12:16+00:00,ok,0.0
2269,2026-10-01T17:12:16+00:00,ok,0.0
2277,2026-10-01T17:12:16+00:00,ok,21.21
2278,2026-10-01T17:12:16+00:00,no coverage,
2279,2026-10-01T17:12:16+00:00,no coverage,
2280,2026-10-01T17:12:16+00:00,no coverage,
2281,2026-10-01T17:12:16+00:00,no coverage,
2282,2026-10-01T17:12:16+00:00,no coverage,
2283,2026-10-01T17:12:16+00:00,no coverage,
2284,2026-10-01T17:12:16+00:00,no coverage,
2285,2026-10-01T17:12:16+00:00,no coverage,
2286,2026-10-01T17:12:16+00:00,no coverage,
2287,2026-10-01T17:12:16+00:00,no coverage,
2288,2026-10-01T17:12:16+00:00,no coverage,
2289,2026-10-01T17:12:16+00:00,no coverage,
2290,2026-10-01T17:12:16+00:00,no coverage,
2291,2026-10-01T17:12:16+00:00,no coverage,
2292,2026-10-01T17:12:16+00:00,no coverage,
2293,2026-10-01T17:12:16+00:00,no coverage,
2294,2026-10-01T17:12:16+00:00,no coverage,
2295,2026-10-01T17:12:16+00:00,ok,18.92
2296,2026-10-01T17:12:16+00:00,ok,0.0
2297,2026-10-01T17:12:16+00:00,ok,0.0
2298,2026-10-01T17:12:16+00:00,ok,0.0
2299,2026-10-01T17:12:16+00:00,ok,0.0
2300,2026-10-01T17:12:16+00:00,ok,0.0
2301,2026-10-01T17:12:16+00:00,ok,14.06
2302,2026-10-01T17:12:16+00:00,ok,0.0
2304,2026-10-01T17:12:16+00:00,ok,0.0
2307,2026-10-01T17:12:16+00:00,ok,0.0
2314,2026-10-01T17:12:16+00:00,ok,17.14
2317,2026-10-01T17:12:16+00:00,ok,0.0
2318,2026-10-01T17:12:16+00:00,ok,0.0
2319,2026-10-01T17:12:16+00:00,ok,0.0
2321,2026-10-01T17:12:16+00:00,ok,0.0
2322,2026-10-01T17:12:16+00:00,ok,0.0
2323,2026-10-01T17:12:16+00:00,ok,0.0
2324,2026-10-01T17:12:16+00:00,ok,0.0
2325,2026-10-01T17:12:16+00:00,ok,0.0
2326,2026-10-01T17:12:16+00:00,no coverage,
2327,2026-10-01T17:12:16+00:00,ok,0.0
2328,2026-10-01T17:12:16+00:00,ok,0.0
2330,2026-10-01T17:12:16+00:00,ok,0.0
2331,2026-10-01T17:12:16+00:00,ok,0.0
2332,2026-10-01T17:12:16+00:00,ok,0.0
2333,2026-10-01T17:12:16+00:00,ok,0.0
2334,2026-10-01T17:12:16+00:00,ok,0.0
2335,2026-10-01T17:12:16+00:00,ok,0.0
2336,2026-10-01T17:12:16+00:00,ok,0.0
2337,2026-10-01T17:12:16+00:00,ok,0.0
2338,2026-10-01T17:12:16+00:00,ok,0.0
2339,2026-10-01T17:12:16+00:00,ok,20.59
2340,2026-10-01T17:12:16+00:00,ok,0.0
2341,2026-10-01T17:12:16+00:00,ok,0.0
2342,2026-10-01T17:12:16+00:00,ok,0.0
2343,2026-10-01T17:12:16+00:00,ok,0.0
2344,2026-10-01T17:12:16+00:00,ok,0.0
2345,2026-10-01T17:12:16+00:00,ok,0.0
2346,2026-10-01T17:12:16+00:00,ok,0.0
2347,2026-10-01T17:12:16+00:00,ok,0.0
2348,2026-10-01T17:12:16+00:00,ok,29.55
2349,2026-10-01T17:12:16+00:00,ok,22.22
2350,2026-10-01T17:12:16+00:00,ok,0.0
2351,2026-10-01T17:12:16+00:00,ok,0.0
2352,2026-10-01T17:12:16+00:00,ok,0.0
2353,2026-10-01T17:12:16+00:00,ok,0.0
2354,2026-10-01T17:12:16+00:00,ok,0.0
2355,2026-10-01T17:12:16+00:00,ok,0.0
2357,2026-10-01T17:12:16+00:00,ok,0.0
2358,2026-10-01T17:12:16+00:00,ok,27.27
2360,2026-10-01T17:12:16+00:00,ok,0.0
2363,2026-10-01T17:12:16+00:00,ok,0.0
2364,2026-10-01T17:12:16+00:00,ok,0.0
2367,2026-10-01T17:12:16+00:00,ok,0.0
2368,2026-10-01T17:12:16+00:00,ok,0.0
2370,2026-10-01T17:12:16+00:00,ok,0.0
2371,2026-10-01T17:12:16+00:00,ok,0.0
2372,2026-10-01T17:12:16+00:00,ok,0.0
2373,2026-10-01T17:12:16+00:00,ok,0.0
2374,2026-10-01T17:12:16+00:00,ok,0.0
2375,2026-10-01T17:12:16+00:00,ok,0.0
2376,2026-10-01T17:12:16+00:00,ok,0.0
2378,2026-10-01T17:12:16+00:00,ok,0.0
2379,2026-10-01T17:12:16+00:00,ok,0.0
2380,2026-10-01T17:12:16+00:00,ok,0.0
2381,2026-10-01T17:12:16+00:00,ok,0.0
2382,2026-10-01T17:12:16+00:00,ok,0.0
2384,2026-10-01T17:12:16+00:00,ok,0.0
2385,2026-10-01T17:12:16+00:00,ok,0.0
2395,2026-10-01T17:12:16+00:00,ok,0.0
2398,2026-10-01T17:12:16+00:00,ok,0.0
2399,2026-10-01T17:12:16+00:00,ok,0.0
2400,2026-10-01T17:12:16+00:00,ok,20.59
2401,2026-10-01T17:12:16+00:00,ok,0.0
2403,2026-10-01T17:12:16+00:00,ok,0.0
2404,2026-10-01T17:12:16+00:00,ok,0.0
2405,2026-10-01T17:12:16+00:00,ok,0.0
2406,2026-10-01T17:12:16+00:00,ok,0.0
2407,2026-10-01T17:12:16+00:00,ok,0.0
2408,2026-10-01T17:12:16+00:00,ok,0.0
2409,2026-10-01T17:12:16+00:00,ok,0.0
2410,2026-10-01T17:12:16+00:00,ok,0.0
2411,2026-10-01T17:12:16+00:00,ok,13.33
2412,2026-10-01T17:12:16+00:00,ok,37.5
2413,2026-10-01T17:12:16+00:00,ok,0.0
2414,2026-10-01T17:12:16+00:00,ok,0.0
2416,2026-10-01T17:12:16+00:00,ok,0.0
2418,2026-10-01T17:12:16+00:00,ok,0.0
2420,2026-10-01T17:12:16+00:00,ok,0.0
2422,2026-10-01T17:12:16+00:00,ok,0.0
2423,2026-10-01T17:12:16+00:00,ok,0.0
2426,2026-10-01T17:12:16+00:00,ok,0.0
2428,2026-10-01T17:12:16+00:00,no coverage,
2429,2026-10-01T17:12:16+00:00,no coverage,
2430,2026-10-01T17:12:16+00:00,no coverage,
2431,2026-10-01T17:12:16+00:00,no coverage,
2432,2026-10-01T17:12:16+00:00,no coverage,
2433,2026-10-01T17:12:16+00:00,ok,0.0
2434,2026-10-01T17:12:16+00:00,no coverage,
2436,2026-10-01T17:12:16+00:00,no coverage,
2437,2026-10-01T17:12:16+00:00,ok,23.53
2438,2026-10-01T17:12:16+00:00,ok,0.0
2439,2026-10-01T17:12:16+00:00,ok,0.0
2440,2026-10-01T17:12:16+00:00,ok,0.0
2441,2026-10-01T17:12:16+00:00,ok,38.18
2442,2026-10-01T17:12:16+00:00,ok,21.15
2443,2026-10-01T17:12:16+00:00,ok,0.0
2444,2026-10-01T17:12:16+00:00,ok,0.0
2445,2026-10-01T17:12:16+00:00,ok,0.0
2446,2026-10-01T17:12:16+00:00,ok,0.0
2447,2026-10-01T17:12:16+00:00,ok,0.0
2448,2026-10-01T17:12:16+00:00,ok,0.0
2449,2026-10-01T17:12:16+00:00,ok,0.0
2451,2026-10-01T17:12:16+00:00,ok,0.0
2452,2026-10-01T17:12:16+00:00,ok,42.86
2453,2026-10-01T17:12:16+00:00,ok,0.0
2455,2026-10-01T17:12:16+00:00,ok,0.0
2456,2026-10-01T17:12:16+00:00,ok,0.0
2457,2026-10-01T17:12:16+00:00,ok,0.0
2459,2026-10-01T17:12:16+00:00,ok,0.0
2460,2026-10-01T17:12:16+00:00,ok,0.0
2462,2026-10-01T17:12:16+00:00,ok,0.0
2463,2026-10-01T17:12:16+00:00,ok,0.0
2464,2026-10-01T17:12:16+00:00,ok,0.0
2467,2026-10-01T17:12:16+00:00,ok,0.0
2468,2026-10-01T17:12:16+00:00,ok,0.0
2469,2026-10-01T17:12:16+00:00,ok,0.0
2470,2026-10-01T17:12:16+00:00,ok,35.29
2473,2026-10-01T17:12:16+00:00,ok,0.0
2476,2026-10-01T17:12:16+00:00,ok,6.56
2478,2026-10-01T17:12:16+00:00,ok,0.0
2479,2026-10-01T17:12:16+00:00,ok,0.0
2480,2026-10-01T17:12:16+00:00,ok,0.0
2481,2026-10-01T17:12:16+00:00,ok,0.0
2484,2026-10-01T17:12:16+00:00,ok,0.0
2485,2026-10-01T17:12:16+00:00,ok,0.0
2486,2026-10-01T17:12:16+00:00,ok,0.0
2487,2026-10-01T17:12:16+00:00,ok,16.67
2488,2026-10-01T17:12:16+00:00,ok,0.0
2489,2026-10-01T17:12:16+00:00,ok,0.0
2490,2026-10-01T17:12:16+00:00,ok,0.0
2491,2026-10-01T17:12:16+00:00,ok,0.0
2492,2026-10-01T17:12:16+00:00,ok,0.0
2493,2026-10-01T17:12:16+00:00,ok,0.0
2494,2026-10-01T17:12:16+00:00,ok,7.14
2495,2026-10-01T17:12:16+00:00,ok,0.0
2496,2026-10-01T17:12:16+00:00,ok,0.0
2497,2026-10-01T17:12:16+00:00,ok,3.45
2498,2026-10-01T17:12:16+00:00,ok,0.0
2499,2026-10-01T17:12:16+00:00,ok,0.0
2500,2026-10-01T17:12:16+00:00,ok,0.0
2501,2026-10-01T17:12:16+00:00,ok,16.22
2502,2026-10-01T17:12:16+00:00,ok,0.0
2504,2026-10-01T17:12:16+00:00,ok,0.0
2506,2026-10-01T17:12:16+00:00,ok,0.0
2508,2026-10-01T17:12:16+00:00,ok,0.0
2509,2026-10-01T17:12:16+00:00,ok,0.0
2510,2026-10-01T17:12:16+00:00,ok,0.0
2512,2026-10-01T17:12:16+00:00,ok,11.9
2513,2026-10-01T17:12:16+00:00,ok,58.06
2514,2026-10-01T17:12:16+00:00,ok,0.0
2516,2026-10-01T17:12:16+00:00,ok,0.0
2520,2026-10-01T17:12:16+00:00,ok,0.0
2521,2026-10-01T17:12:16+00:00,ok,0.0
2523,2026-10-01T17:12:16+00:00,ok,0.0
2525,2026-10-01T17:12:16+00:00,ok,0.0
2526,2026-10-01T17:12:16+00:00,ok,0.0
2530,2026-10-01T17:12:16+00:00,ok,0.0
2531,2026-10-01T17:12:16+00:00,ok,0.0
2532,2026-10-01T17:12:16+00:00,ok,0.0
2533,2026-10-01T17:12:16+00:00,ok,0.0
2538,2026-10-01T17:12:16+00:00,ok,0.0
2539,2026-10-01T17:12:16+00:00,ok,0.0
2540,2026-10-01T17:12:16+00:00,ok,0.0
2541,2026-10-01T17:12:16+00:00,ok,0.0
2542,2026-10-01T17:12:16+00:00,ok,0.0
2544,2026-10-01T17:12:16+00:00,ok,0.0
2548,2026-10-01T17:12:16+00:00,ok,0.0
2550,2026-10-01T17:12:16+00:00,ok,29.41
2551,2026-10-01T17:12:16+00:00,ok,0.0
2552,2026-10-01T17:12:16+00:00,ok,0.0
2555,2026-10-01T17:12:16+00:00,ok,25.0
2556,2026-10-01T17:12:16+00:00,ok,0.0
2557,2026-10-01T17:12:16+00:00,ok,0.0
2558,2026-10-01T17:12:16+00:00,ok,46.67
2566,2026-10-01T17:12:16+00:00,no coverage,
2567,2026-10-01T17:12:16+00:00,no coverage,
2568,2026-10-01T17:12:16+00:00,no coverage,
2569,2026-10-01T17:12:16+00:00,ok,0.0
2570,2026-10-01T17:12:16+00:00,ok,25.0
2571,2026-10-01T17:12:16+00:00,ok,0.0
2572,2026-10-01T17:12:16+00:00,ok,0.0
2573,2026-10-01T17:12:16+00:00,ok,0.0
2574,2026-10-01T17:12:16+00:00,ok,21.43
2575,2026-10-01T17:12:16+00:00,ok,0.0
2576,2026-10-01T17:12:16+00:00,ok,25.0
2577,2026-10-01T17:12:16+00:00,ok,0.0
2601,2026-10-01T17:12:16+00:00,ok,55.56
2602,2026-10-01T17:12:16+00:00,ok,0.0
2603,2026-10-01T17:12:16+00:00,ok,0.0
2605,2026-10-01T17:12:16+00:00,ok,0.0
2607,2026-10-01T17:12:16+00:00,ok,18.42
2608,2026-10-01T17:12:16+00:00,ok,32.08
2609,2026-10-01T17:12:16+00:00,ok,0.0
2610,2026-10-01T17:12:16+00:00,ok,0.0
2611,2026-10-01T17:12:16+00:00,ok,0.0
2612,2026-10-01T17:12:16+00:00,ok,0.0
2613,2026-10-01T17:12:16+00:00,ok,0.0
2614,2026-10-01T17:12:16+00:00,ok,0.0
2615,2026-10-01T17:12:16+00:00,ok,0.0
2616,2026-10-01T17:12:16+00:00,ok,0.0
2617,2026-10-01T17:12:16+00:00,ok,0.0
2618,2026-10-01T17:12:16+00:00,ok,0.0
2619,2026-10-01T17:12:16+00:00,ok,0.0
2620,2026-10-01T17:12:16+00:00,ok,0.0
2621,2026-10-01T17:12:16+00:00,ok,0.0
2622,2026-10-01T17:12:16+00:00,ok,0.0
2623,2026-10-01T17:12:16+00:00,ok,24.14
2626,2026-10-01T17:12:16+00:00,ok,0.0
2627,2026-10-01T17:12:16+00:00,ok,11.36
2628,2026-10-01T17:12:16+00:00,ok,0.0
2629,2026-10-01T17:12:16+00:00,ok,0.0
2636,2026-10-01T17:12:16+00:00,no coverage,
2647,2026-10-01T17:12:16+00:00,ok,0.0
2648,2026-10-01T17:12:16+00:00,ok,34.29
2649,2026-10-01T17:12:16+00:00,ok,26.19
2650,2026-10-01T17:12:16+00:00,ok,11.9
2651,2026-10-01T17:12:16+00:00,ok,0.0
2652,2026-10-01T17:12:16+00:00,ok,35.48
2653,2026-10-01T17:12:16+00:00,ok,59.46
2654,2026-10-01T17:12:16+00:00,ok,0.0
2655,2026-10-01T17:12:16+00:00,ok,21.74
2656,2026-10-01T17:12:16+00:00,ok,0.0
2678,2026-10-01T17:12:16+00:00,ok,0.0
2679,2026-10-01T17:12:16+00:00,ok,0.0
2683,2026-10-01T17:12:16+00:00,ok,25.71
2684,2026-10-01T17:12:16+00:00,ok,0.0
2685,2026-10-01T17:12:16+00:00,ok,20.93
2687,2026-10-01T17:12:16+00:00,ok,28.57
2699,2026-10-01T17:12:16+00:00,ok,15.62
2700,2026-10-01T17:12:16+00:00,ok,0.0
2701,2026-10-01T17:12:16+00:00,ok,0.0
2702,2026-10-01T17:12:16+00:00,ok,0.0
2711,2026-10-01T17:12:16+00:00,ok,0.0
2712,2026-10-01T17:12:16+00:00,ok,7.84
2713,2026-10-01T17:12:16+00:00,ok,0.0
2715,2026-10-01T17:12:16+00:00,ok,0.0
2716,2026-10-01T17:12:16+00:00,ok,0.0
2717,2026-10-01T17:12:16+00:00,ok,0.0
2758,2026-10-01T17:12:16+00:00,ok,0.0
2870,2026-10-01T17:12:16+00:00,ok,0.0
2882,2026-10-01T17:12:16+00:00,ok,0.0
2883,2026-10-01T17:12:16+00:00,ok,0.0
2889,2026-10-01T17:12:16+00:00,ok,0.0
2891,2026-10-01T17:12:16+00:00,ok,0.0
2893,2026-10-01T17:12:16+00:00,ok,0.0
2894,2026-10-01T17:12:16+00:00,ok,0.0
2895,2026-10-01T17:12:16+00:00,ok,0.0
2913,2026-10-01T17:12:16+00:00,ok,0.0
2949,2026-10-01T17:12:16+00:00,ok,0.0
2950,2026-10-01T17:12:16+00:00,ok,44.68
2961,2026-10-01T17:12:16+00:00,ok,34.48
2963,2026-10-01T17:12:16+00:00,ok,0.0
2974,2026-10-01T17:12:16+00:00,ok,0.0
2975,2026-10-01T17:12:16+00:00,ok,0.0
2976,2026-10-01T17:12:16+00:00,ok,0.0
2977,2026-10-01T17:12:16+00:00,ok,14.58
2978,2026-10-01T17:12:16+00:00,ok,0.0
2979,2026-10-01T17:12:16+00:00,ok,0.0
2980,2026-10-01T17:12:16+00:00,ok,0.0
2981,2026-10-01T17:12:16+00:00,ok,0.0
2983,2026-10-01T17:12:16+00:00,ok,0.0
2984,2026-10-01T17:12:16+00:00,ok,0.0
2985,2026-10-01T17:12:16+00:00,ok,32.35
2986,2026-10-01T17:12:16+00:00,ok,9.38
2987,2026-10-01T17:12:16+00:00,ok,0.0
2988,2026-10-01T17:12:16+00:00,ok,0.0
2990,2026-10-01T17:12:16+00:00,ok,0.0
2991,2026-10-01T17:12:16+00:00,ok,14.29
2999,2026-10-01T17:12:16+00:00,ok,0.0
3005,2026-10-01T17:12:16+00:00,ok,0.0
3010,2026-10-01T17:12:16+00:00,ok,0.0
3011,2026-10-01T17:12:16+00:00,ok,0.0
3012,2026-10-01T17:12:16+00:00,ok,0.0
3014,2026-10-01T17:12:16+00:00,ok,0.0
3016,2026-10-01T17:12:16+00:00,ok,0.0
3017,2026-10-01T17:12:16+00:00,ok,0.0
3019,2026-10-01T17:12:16+00:00,ok,18.18
3020,2026-10-01T17:12:16+00:00,ok,0.0
3028,2026-10-01T17:12:16+00:00,ok,32.73
3032,2026-10-01T17:12:16+00:00,ok,0.0
3039,2026-10-01T17:12:16+00:00,ok,0.0
3040,2026-10-01T17:12:16+00:00,ok,0.0
3043,2026-10-01T17:12:16+00:00,ok,0.0
3044,2026-10-01T17:12:16+00:00,ok,0.0
3046,2026-10-01T17:12:16+00:00,ok,0.0
3047,2026-10-01T17:12:16+00:00,ok,0.0
3048,2026-10-01T17:12:16+00:00,ok,0.0
3075,2026-10-01T17:12:16+00:00,ok,19.61
3086,2026-10-01T17:12:16+00:00,ok,26.67
3087,2026-10-01T17:12:16+00:00,no coverage,
3132,2026-10-01T17:12:16+00:00,ok,0.0
3133,2026-10-01T17:12:16+00:00,ok,0.0
3134,2026-10-01T17:12:16+00:00,ok,23.64
3135,2026-10-01T17:12:16+00:00,ok,36.36
3136,2026-10-01T17:12:16+00:00,ok,0.0
3139,2026-10-01T17:12:16+00:00,ok,0.0
3154,2026-10-01T17:12:16+00:00,ok,66.67
3155,2026-10-01T17:12:16+00:00,ok,0.0
3213,2026-10-01T17:12:16+00:00,ok,0.0
3268,2026-10-01T17:12:16+00:00,ok,52.94
3653,2026-10-01T17:12:16+00:00,ok,27.66
3654,2026-10-01T17:12:16+00:00,ok,0.0
3776,2026-10-01T17:12:16+00:00,ok,0.0
3777,2026-10-01T17:12:16+00:00,ok,0.0
3778,2026-10-01T17:12:16+00:00,ok,0.0
3853,2026-10-01T17:12:16+00:00,ok,0.0
3854,2026-10-01T17:12:16+00:00,ok,0.0
3855,2026-10-01T17:12:16+00:00,ok,0.0
3856,2026-10-01T17:12:16+00:00,ok,0.0
3857,2026-10-01T17:12:16+00:00,no coverage,
3858,2026-10-01T17:12:16+00:00,ok,17.39
3859,2026-10-01T17:12:16+00:00,ok,17.07
3860,2026-10-01T17:12:16+00:00,ok,0.0
3861,2026-10-01T17:12:16+00:00,ok,0.0
3862,2026-10-01T17:12:16+00:00,ok,23.08
3863,2026-10-01T17:12:16+00:00,ok,0.0
3872,2026-10-01T17:12:16+00:00,no coverage,
3873,2026-10-01T17:12:16+00:00,ok,8.57
3874,2026-10-01T17:12:16+00:00,ok,0.0
3875,2026-10-01T17:12:16+00:00,ok,19.44
3876,2026-10-01T17:12:16+00:00,ok,15.79
3877,2026-10-01T17:12:16+00:00,ok,26.09
3878,2026-10-01T17:12:16+00:00,ok,41.94
3879,2026-10-01T17:12:16+00:00,ok,0.0
3880,2026-10-01T17:12:16+00:00,ok,39.13
3881,2026-10-01T17:12:16+00:00,ok,0.0
3882,2026-10-01T17:12:16+00:00,ok,0.0
3884,2026-10-01T17:12:16+00:00,ok,0.0
3885,2026-10-01T17:12:16+00:00,ok,0.0
3886,2026-10-01T17:12:16+00:00,ok,0.0
3888,2026-10-01T17:12:16+00:00,ok,0.0
3889,2026-10-01T17:12:16+00:00,ok,0.0
3890,2026-10-01T17:12:16+00:00,ok,0.0
3891,2026-10-01T17:12:16+00:00,ok,0.0
3892,2026-10-01T17:12:16+00:00,ok,0.0
3893,2026-10-01T17:12:16+00:00,ok,0.0
3894,2026-10-01T17:12:16+00:00,ok,0.0
3895,2026-10-01T17:12:16+00:00,ok,24.32
3896,2026-10-01T17:12:16+00:00,ok,25.0
3897,2026-10-01T17:12:16+00:00,ok,0.0
3899,2026-10-01T17:12:16+00:00,ok,12.2
3901,2026-10-01T17:12:16+00:00,ok,5.17
3902,2026-10-01T17:12:16+00:00,ok,0.0
3904,2026-10-01T17:12:16+00:00,ok,0.0
3905,2026-10-01T17:12:16+00:00,ok,21.74
3906,2026-10-01T17:12:16+00:00,ok,0.0
3907,2026-10-01T17:12:16+00:00,ok,0.0
3909,2026-10-01T17:12:16+00:00,ok,0.0
3910,2026-10-01T17:12:16+00:00,ok,0.0
3911,2026-10-01T17:12:16+00:00,ok,0.0
3913,2026-10-01T17:12:16+00:00,ok,0.0
3920,2026-10-01T17:12:16+00:00,ok,0.0
3926,2026-10-01T17:12:16+00:00,ok,0.0
3927,2026-10-01T17:12:16+00:00,ok,0.0
3928,2026-10-01T17:12:16+00:00,ok,0.0
3929,2026-10-01T17:12:16+00:00,ok,22.45
3930,2026-10-01T17:12:16+00:00,ok,0.0
3931,2026-10-01T17:12:16+00:00,ok,0.0
3932,2026-10-01T17:12:16+00:00,ok,0.0
3933,2026-10-01T17:12:16+00:00,ok,0.0
3934,2026-10-01T17:12:16+00:00,ok,0.0
3935,2026-10-01T17:12:16+00:00,ok,0.0
3938,2026-10-01T17:12:16+00:00,ok,0.0
3939,2026-10-01T17:12:16+00:00,ok,0.0
3940,2026-10-01T17:12:16+00:00,ok,0.0
3941,2026-10-01T17:12:16+00:00,ok,0.0
3942,2026-10-01T17:12:16+00:00,ok,0.0
3944,2026-10-01T17:12:16+00:00,ok,15.56
3945,2026-10-01T17:12:16+00:00,ok,0.0
3946,2026-10-01T17:12:16+00:00,ok,0.0
3947,2026-10-01T17:12:16+00:00,ok,35.48
3948,2026-10-01T17:12:16+00:00,ok,0.0
3958,2026-10-01T17:12:16+00:00,ok,0.0
3961,2026-10-01T17:12:16+00:00,ok,0.0
3962,2026-10-01T17:12:16+00:00,no coverage,
3963,2026-10-01T17:12:16+00:00,no coverage,
3964,2026-10-01T17:12:16+00:00,no coverage,
3967,2026-10-01T17:12:16+00:00,ok,0.0
3968,2026-10-01T17:12:16+00:00,ok,0.0
3969,2026-10-01T17:12:16+00:00,ok,0.0
3970,2026-10-01T17:12:16+00:00,ok,32.5
3973,2026-10-01T17:12:16+00:00,no coverage,
3976,2026-10-01T17:12:16+00:00,no coverage,
3977,2026-10-01T17:12:16+00:00,no coverage,
3978,2026-10-01T17:12:16+00:00,no coverage,
3979,2026-10-01T17:12:16+00:00,no coverage,
3980,2026-10-01T17:12:16+00:00,no coverage,
3981,2026-10-01T17:12:16+00:00,no coverage,
3982,2026-10-01T17:12:16+00:00,no coverage,
3983,2026-10-01T17:12:16+00:00,no coverage,
3984,2026-10-01T17:12:16+00:00,no coverage,
3985,2026-10-01T17:12:16+00:00,no coverage,
3986,2026-10-01T17:12:16+00:00,no coverage,
3987,2026-10-01T17:12:16+00:00,ok,0.0
3988,2026-10-01T17:12:16+00:00,ok,0.0
3989,2026-10-01T17:12:16+00:00,ok,20.0
3990,2026-10-01T17:12:16+00:00,ok,22.58
3991,2026-10-01T17:12:16+00:00,ok,0.0
3992,2026-10-01T17:12:16+00:00,ok,0.0
3993,2026-10-01T17:12:16+00:00,ok,0.0
3994,2026-10-01T17:12:16+00:00,ok,0.0
3995,2026-10-01T17:12:16+00:00,ok,9.43
3996,2026-10-01T17:12:16+00:00,ok,0.0
3997,2026-10-01T17:12:16+00:00,ok,0.0
3998,2026-10-01T17:12:16+00:00,ok,0.0
4000,2026-10-01T17:12:16+00:00,ok,0.0
4001,2026-10-01T17:12:16+00:00,ok,8.11
4002,2026-10-01T17:12:16+00:00,error ConnectionError,
4003,2026-10-01T17:12:16+00:00,error ConnectionError,
4004,2026-10-01T17:12:16+00:00,ok,0.0
4005,2026-10-01T17:12:16+00:00,ok,0.0
4008,2026-10-01T17:12:16+00:00,ok,0.0
4009,2026-10-01T17:12:16+00:00,ok,0.0
4011,2026-10-01T17:12:16+00:00,ok,0.0
4012,2026-10-01T17:12:16+00:00,ok,0.0
4013,2026-10-01T17:12:16+00:00,ok,0.0
4014,2026-10-01T17:12:16+00:00,ok,0.0
4015,2026-10-01T17:12:16+00:00,ok,37.04
4016,2026-10-01T17:12:16+00:00,ok,0.0
4017,2026-10-01T17:12:16+00:00,ok,0.0
4019,2026-10-01T17:12:16+00:00,ok,0.0
4021,2026-10-01T17:12:16+00:00,ok,36.84
4023,2026-10-01T17:12:16+00:00,ok,23.53
4029,2026-10-01T17:12:16+00:00,ok,0.0
4032,2026-10-01T17:12:16+00:00,ok,0.0
4033,2026-10-01T17:12:16+00:00,ok,0.0
4035,2026-10-01T17:12:16+00:00,ok,37.5
4036,2026-10-01T17:12:16+00:00,ok,0.0
4037,2026-10-01T17:12:16+00:00,ok,0.0
4038,2026-10-01T17:12:16+00:00,ok,17.24
4042,2026-10-01T17:12:16+00:00,ok,0.0
4043,2026-10-01T17:12:16+00:00,ok,0.0
4047,2026-10-01T17:12:16+00:00,ok,34.48
4048,2026-10-01T17:12:16+00:00,ok,0.0
4050,2026-10-01T17:12:16+00:00,ok,0.0
4052,2026-10-01T17:12:16+00:00,ok,0.0
4054,2026-10-01T17:12:16+00:00,ok,20.69
4055,2026-10-01T17:12:16+00:00,ok,33.33
4056,2026-10-01T17:12:16+00:00,no coverage,
4057,2026-10-01T17:12:16+00:00,no coverage,
4058,2026-10-01T17:12:16+00:00,no coverage,
4059,2026-10-01T17:12:16+00:00,no coverage,
4060,2026-10-01T17:12:16+00:00,no coverage,
4061,2026-10-01T17:12:16+00:00,no coverage,
4062,2026-10-01T17:12:16+00:00,no coverage,
4063,2026-10-01T17:12:16+00:00,no coverage,
4072,2026-10-01T17:12:16+00:00,no coverage,
4075,2026-10-01T17:12:16+00:00,no coverage,
4078,2026-10-01T17:12:16+00:00,no coverage,
4079,2026-10-01T17:12:16+00:00,no coverage,
4080,2026-10-01T17:12:16+00:00,no coverage,
4082,2026-10-01T17:12:16+00:00,no coverage,
4083,2026-10-01T17:12:16+00:00,no coverage,
4084,2026-10-01T17:12:16+00:00,no coverage,
4085,2026-10-01T17:12:16+00:00,no coverage,
4086,2026-10-01T17:12:16+00:00,no coverage,
4087,2026-10-01T17:12:16+00:00,no coverage,
4088,2026-10-01T17:12:16+00:00,ok,47.37
4089,2026-10-01T17:12:16+00:00,no coverage,
4090,2026-10-01T17:12:16+00:00,no coverage,
4091,2026-10-01T17:12:16+00:00,no coverage,
4092,2026-10-01T17:12:16+00:00,no coverage,
4094,2026-10-01T17:12:16+00:00,no coverage,
4096,2026-10-01T17:12:16+00:00,no coverage,
4097,2026-10-01T17:12:16+00:00,no coverage,
4098,2026-10-01T17:12:16+00:00,no coverage,
4099,2026-10-01T17:12:16+00:00,ok,0.0
4100,2026-10-01T17:12:16+00:00,ok,0.0
4102,2026-10-01T17:12:16+00:00,ok,0.0
4103,2026-10-01T17:12:16+00:00,ok,0.0
4104,2026-10-01T17:12:16+00:00,no coverage,
4105,2026-10-01T17:12:16+00:00,ok,0.0
4113,2026-10-01T17:12:16+00:00,ok,0.0
4114,2026-10-01T17:12:16+00:00,ok,0.0
4115,2026-10-01T17:12:16+00:00,ok,0.0
4116,2026-10-01T17:12:16+00:00,ok,0.0
4117,2026-10-01T17:12:16+00:00,ok,0.0
4118,2026-10-01T17:12:16+00:00,ok,0.0
4119,2026-10-01T17:12:16+00:00,ok,0.0
4121,2026-10-01T17:12:16+00:00,ok,0.0
4123,2026-10-01T17:12:16+00:00,ok,18.18
4124,2026-10-01T17:12:16+00:00,ok,0.0
4125,2026-10-01T17:12:16+00:00,ok,0.0
4126,2026-10-01T17:12:16+00:00,ok,0.0
4127,2026-10-01T17:12:16+00:00,ok,0.0
4128,2026-10-01T17:12:16+00:00,ok,0.0
4129,2026-10-01T17:12:16+00:00,ok,0.0
4130,2026-10-01T17:12:16+00:00,ok,0.0
4131,2026-10-01T17:12:16+00:00,ok,0.0
4132,2026-10-01T17:12:16+00:00,ok,0.0
4133,2026-10-01T17:12:16+00:00,ok,17.02
4134,2026-10-01T17:12:16+00:00,ok,0.0
4135,2026-10-01T17:12:16+00:00,ok,25.93
4136,2026-10-01T17:12:16+00:00,ok,6.67
4137,2026-10-01T17:12:16+00:00,ok,0.0
4138,2026-10-01T17:12:16+00:00,ok,0.0
4140,2026-10-01T17:12:16+00:00,ok,0.0
4141,2026-10-01T17:12:16+00:00,ok,0.0
4142,2026-10-01T17:12:16+00:00,ok,14.89
4144,2026-10-01T17:12:16+00:00,ok,0.0
4145,2026-10-01T17:12:16+00:00,ok,0.0
4147,2026-10-01T17:12:16+00:00,ok,0.0
4148,2026-10-01T17:12:16+00:00,ok,0.0
4150,2026-10-01T17:12:16+00:00,ok,0.0
4151,2026-10-01T17:12:16+00:00,ok,0.0
4152,2026-10-01T17:12:16+00:00,ok,0.0
4154,2026-10-01T17:12:16+00:00,ok,11.9
4157,2026-10-01T17:12:16+00:00,ok,27.03
4158,2026-10-01T17:12:16+00:00,ok,0.0
4159,2026-10-01T17:12:16+00:00,ok,0.0
4161,2026-10-01T17:12:16+00:00,ok,18.18
4162,2026-10-01T17:12:16+00:00,ok,0.0
4163,2026-10-01T17:12:16+00:00,ok,0.0
4164,2026-10-01T17:12:16+00:00,ok,22.73
4166,2026-10-01T17:12:16+00:00,ok,0.0
4168,2026-10-01T17:12:16+00:00,ok,25.0
4169,2026-10-01T17:12:16+00:00,ok,1.61
4170,2026-10-01T17:12:16+00:00,ok,30.43
4171,2026-10-01T17:12:16+00:00,ok,0.0
4172,2026-10-01T17:12:16+00:00,ok,0.0
4173,2026-10-01T17:12:16+00:00,ok,0.0
4174,2026-10-01T17:12:16+00:00,ok,0.0
4175,2026-10-01T17:12:16+00:00,ok,0.0
4176,2026-10-01T17:12:16+00:00,ok,0.0
4177,2026-10-01T17:12:16+00:00,ok,0.0
4178,2026-10-01T17:12:16+00:00,ok,0.0
4180,2026-10-01T17:12:16+00:00,ok,18.75
4181,2026-10-01T17:12:16+00:00,ok,25.0
4182,2026-10-01T17:12:16+00:00,ok,0.0
4183,2026-10-01T17:12:16+00:00,ok,0.0
4184,2026-10-01T17:12:16+00:00,ok,0.0
4185,2026-10-01T17:12:16+00:00,ok,0.0
4188,2026-10-01T17:12:16+00:00,ok,16.67
4189,2026-10-01T17:12:16+00:00,ok,0.0
4190,2026-10-01T17:12:16+00:00,ok,0.0
4191,2026-10-01T17:12:16+00:00,ok,0.0
4192,2026-10-01T17:12:16+00:00,ok,0.0
4193,2026-10-01T17:12:16+00:00,ok,0.0
4194,2026-10-01T17:12:16+00:00,ok,23.08
4195,2026-10-01T17:12:16+00:00,ok,0.0
4197,2026-10-01T17:12:16+00:00,ok,23.33
4198,2026-10-01T17:12:16+00:00,ok,29.41
4199,2026-10-01T17:12:16+00:00,ok,41.18
4201,2026-10-01T17:12:16+00:00,ok,0.0
4202,2026-10-01T17:12:16+00:00,ok,20.0
4203,2026-10-01T17:12:16+00:00,ok,0.0
4204,2026-10-01T17:12:16+00:00,ok,52.94
4205,2026-10-01T17:12:16+00:00,ok,0.0
4206,2026-10-01T17:12:16+00:00,ok,25.0
4207,2026-10-01T17:12:16+00:00,ok,0.0
4208,2026-10-01T17:12:16+00:00,ok,24.0
4209,2026-10-01T17:12:16+00:00,ok,0.0
4211,2026-10-01T17:12:16+00:00,ok,0.0
4212,2026-10-01T17:12:16+00:00,ok,0.0
4213,2026-10-01T17:12:16+00:00,ok,0.0
4214,2026-10-01T17:12:16+00:00,ok,0.0
4216,2026-10-01T17:12:16+00:00,ok,0.0
4217,2026-10-01T17:12:16+00:00,ok,15.62
4218,2026-10-01T17:12:16+00:00,ok,17.86
4219,2026-10-01T17:12:16+00:00,ok,28.21
4220,2026-10-01T17:12:16+00:00,ok,0.0
4221,2026-10-01T17:12:16+00:00,ok,0.0
4222,2026-10-01T17:12:16+00:00,ok,0.0
4223,2026-10-01T17:12:16+00:00,ok,0.0
4224,2026-10-01T17:12:16+00:00,ok,0.0
4225,2026-10-01T17:12:16+00:00,ok,0.0
4226,2026-10-01T17:12:16+00:00,ok,0.0
4227,2026-10-01T17:12:16+00:00,ok,0.0
4228,2026-10-01T17:12:16+00:00,ok,0.0
4229,2026-10-01T17:12:16+00:00,ok,0.0
4231,2026-10-01T17:12:16+00:00,ok,0.0
4232,2026-10-01T17:12:16+00:00,ok,0.0
4233,2026-10-01T17:12:16+00:00,ok,0.0
4234,2026-10-01T17:12:16+00:00,ok,0.0
4235,2026-10-01T17:12:16+00:00,ok,0.0
4238,2026-10-01T17:12:16+00:00,ok,0.0
4240,2026-10-01T17:12:16+00:00,ok,0.0
4241,2026-10-01T17:12:16+00:00,ok,0.0
4242,2026-10-01T17:12:16+00:00,ok,0.0
4243,2026-10-01T17:12:16+00:00,ok,0.0
4244,2026-10-01T17:12:16+00:00,ok,39.13
4247,2026-10-01T17:12:16+00:00,ok,22.64
